=== STARTING 14_ieee ===
==============================================================================
Y-SPACE EXPERIMENT -- Case: pglib_opf_case14_ieee.m  (key=14_ieee, time_limit=300.0s)
==============================================================================
[info | PowerModels]: removing 3 cost terms from generator 4: Float64[]
[info | PowerModels]: removing 1 cost terms from generator 1: [792.0951, 0.0]
[info | PowerModels]: removing 3 cost terms from generator 5: Float64[]
[info | PowerModels]: removing 1 cost terms from generator 2: [2326.9494, 0.0]
[info | PowerModels]: removing 3 cost terms from generator 3: Float64[]
[info | PowerModels]: updated generator 4 cost function with order 0 to a function of order 3: [0.0, 0.0, 0.0]
[info | PowerModels]: updated generator 1 cost function with order 2 to a function of order 3: [0.0, 792.0951, 0.0]
[info | PowerModels]: updated generator 5 cost function with order 0 to a function of order 3: [0.0, 0.0, 0.0]
[info | PowerModels]: updated generator 2 cost function with order 2 to a function of order 3: [0.0, 2326.9494, 0.0]
[info | PowerModels]: updated generator 3 cost function with order 0 to a function of order 3: [0.0, 0.0, 0.0]
Set parameter Username
Set parameter LicenseID to value 2863623
Academic license - for non-commercial use only - expires 2027-09-12
Gurobi Optimizer version 13.0.3 build v13.0.3rc0 (win64 - Windows 11+.0 (26200.2))

CPU model: Intel(R) Core(TM) Ultra 5 225H, instruction set [SSE2|AVX|AVX2]
Thread count: 14 physical cores, 14 logical processors, using up to 14 threads

Optimize a model with 55 rows, 59 columns and 166 nonzeros (Min)
Model fingerprint: 0x14f1c591
Model has 2 linear objective coefficients
Coefficient statistics:
  Matrix range     [1e+00, 2e+01]
  Objective range  [8e+02, 2e+03]
  Bounds range     [5e-01, 7e+00]
  RHS range        [4e-02, 9e-01]

Presolve removed 43 rows and 46 columns
Presolve time: 0.00s
Presolved: 12 rows, 13 columns, 43 nonzeros

Iteration    Objective       Primal Inf.    Dual Inf.      Time
       0    0.0000000e+00   7.376114e+00   0.000000e+00      0s
       7    2.0515263e+03   0.000000e+00   0.000000e+00      0s

Solved in 7 iterations and 0.00 seconds (0.00 work units)
Optimal objective  2.051526309e+03

User-callback calls 25, time in user-callback 0.00 sec
Set parameter Username
Set parameter LicenseID to value 2863623
Academic license - for non-commercial use only - expires 2027-09-12
Gurobi Optimizer version 13.0.3 build v13.0.3rc0 (win64 - Windows 11+.0 (26200.2))

CPU model: Intel(R) Core(TM) Ultra 5 225H, instruction set [SSE2|AVX|AVX2]
Thread count: 14 physical cores, 14 logical processors, using up to 14 threads

Optimize a model with 45 rows, 2 columns and 44 nonzeros (Min)
Model fingerprint: 0x79f19b1d
Model has 2 linear objective coefficients
Coefficient statistics:
  Matrix range     [3e-04, 1e+00]
  Objective range  [8e+02, 2e+03]
  Bounds range     [0e+00, 0e+00]
  RHS range        [4e-01, 7e+00]

Presolve removed 45 rows and 2 columns
Presolve time: 0.02s
Presolve: All rows and columns removed
Iteration    Objective       Primal Inf.    Dual Inf.      Time
       0    2.0515263e+03   0.000000e+00   0.000000e+00      0s

Solved in 0 iterations and 0.02 seconds (0.00 work units)
Optimal objective  2.051526309e+03

User-callback calls 24, time in user-callback 0.00 sec
Set parameter Username
Set parameter LicenseID to value 2863623
Academic license - for non-commercial use only - expires 2027-09-12
Warning for adding constraints: zero or small (< 1e-13) coefficients, ignored
Gurobi Optimizer version 13.0.3 build v13.0.3rc0 (win64 - Windows 11+.0 (26200.2))

CPU model: Intel(R) Core(TM) Ultra 5 225H, instruction set [SSE2|AVX|AVX2]
Thread count: 14 physical cores, 14 logical processors, using up to 14 threads

Optimize a model with 44 rows, 1 columns and 42 nonzeros (Min)
Model fingerprint: 0x3c95e7fb
Model has 1 linear objective coefficients and an objective constant of 2051.526309
Coefficient statistics:
  Matrix range     [3e-04, 1e+00]
  Objective range  [2e+03, 2e+03]
  Bounds range     [0e+00, 0e+00]
  RHS range        [4e-01, 7e+00]

Presolve removed 44 rows and 1 columns
Presolve time: 0.00s
Presolve: All rows and columns removed
Iteration    Objective       Primal Inf.    Dual Inf.      Time
       0    2.0515263e+03   0.000000e+00   0.000000e+00      0s

Solved in 0 iterations and 0.00 seconds (0.00 work units)
Optimal objective  2.051526309e+03

User-callback calls 23, time in user-callback 0.00 sec
Set parameter Username
Set parameter LicenseID to value 2863623
Academic license - for non-commercial use only - expires 2027-09-12
Set parameter Username
Set parameter LicenseID to value 2863623
Academic license - for non-commercial use only - expires 2027-09-12
Set parameter Username
Set parameter LicenseID to value 2863623
Academic license - for non-commercial use only - expires 2027-09-12
Set parameter Username
Set parameter LicenseID to value 2863623
Academic license - for non-commercial use only - expires 2027-09-12
Set parameter Username
Set parameter LicenseID to value 2863623
Academic license - for non-commercial use only - expires 2027-09-12
Set parameter Username
Set parameter LicenseID to value 2863623
Academic license - for non-commercial use only - expires 2027-09-12
Set parameter Username
Set parameter LicenseID to value 2863623
Academic license - for non-commercial use only - expires 2027-09-12
Set parameter Username
Set parameter LicenseID to value 2863623
Academic license - for non-commercial use only - expires 2027-09-12
Set parameter Username
Set parameter LicenseID to value 2863623
Academic license - for non-commercial use only - expires 2027-09-12
Set parameter Username
Set parameter LicenseID to value 2863623
Academic license - for non-commercial use only - expires 2027-09-12
Set parameter Username
Set parameter LicenseID to value 2863623
Academic license - for non-commercial use only - expires 2027-09-12
Set parameter Username
Set parameter LicenseID to value 2863623
Academic license - for non-commercial use only - expires 2027-09-12
Set parameter Username
Set parameter LicenseID to value 2863623
Academic license - for non-commercial use only - expires 2027-09-12
Set parameter Username
Set parameter LicenseID to value 2863623
Academic license - for non-commercial use only - expires 2027-09-12
Set parameter Username
Set parameter LicenseID to value 2863623
Academic license - for non-commercial use only - expires 2027-09-12
Set parameter Username
Set parameter LicenseID to value 2863623
Academic license - for non-commercial use only - expires 2027-09-12
Set parameter Username
Set parameter LicenseID to value 2863623
Academic license - for non-commercial use only - expires 2027-09-12
Set parameter Username
Set parameter LicenseID to value 2863623
Academic license - for non-commercial use only - expires 2027-09-12
Set parameter Username
Set parameter LicenseID to value 2863623
Academic license - for non-commercial use only - expires 2027-09-12
Set parameter Username
Set parameter LicenseID to value 2863623
Academic license - for non-commercial use only - expires 2027-09-12
Set parameter Username
Set parameter LicenseID to value 2863623
Academic license - for non-commercial use only - expires 2027-09-12
Set parameter Username
Set parameter LicenseID to value 2863623
Academic license - for non-commercial use only - expires 2027-09-12
Set parameter Username
Set parameter LicenseID to value 2863623
Academic license - for non-commercial use only - expires 2027-09-12
Set parameter Username
Set parameter LicenseID to value 2863623
Academic license - for non-commercial use only - expires 2027-09-12
Set parameter Username
Set parameter LicenseID to value 2863623
Academic license - for non-commercial use only - expires 2027-09-12
Set parameter Username
Set parameter LicenseID to value 2863623
Academic license - for non-commercial use only - expires 2027-09-12
Set parameter Username
Set parameter LicenseID to value 2863623
Academic license - for non-commercial use only - expires 2027-09-12
Set parameter Username
Set parameter LicenseID to value 2863623
Academic license - for non-commercial use only - expires 2027-09-12
Set parameter Username
Set parameter LicenseID to value 2863623
Academic license - for non-commercial use only - expires 2027-09-12
Set parameter Username
Set parameter LicenseID to value 2863623
Academic license - for non-commercial use only - expires 2027-09-12
Set parameter Username
Set parameter LicenseID to value 2863623
Academic license - for non-commercial use only - expires 2027-09-12
Set parameter Username
Set parameter LicenseID to value 2863623
Academic license - for non-commercial use only - expires 2027-09-12
Set parameter Username
Set parameter LicenseID to value 2863623
Academic license - for non-commercial use only - expires 2027-09-12
Set parameter Username
Set parameter LicenseID to value 2863623
Academic license - for non-commercial use only - expires 2027-09-12
Set parameter Username
Set parameter LicenseID to value 2863623
Academic license - for non-commercial use only - expires 2027-09-12
Set parameter Username
Set parameter LicenseID to value 2863623
Academic license - for non-commercial use only - expires 2027-09-12
Set parameter Username
Set parameter LicenseID to value 2863623
Academic license - for non-commercial use only - expires 2027-09-12
Set parameter Username
Set parameter LicenseID to value 2863623
Academic license - for non-commercial use only - expires 2027-09-12
Set parameter Username
Set parameter LicenseID to value 2863623
Academic license - for non-commercial use only - expires 2027-09-12
Set parameter Username
Set parameter LicenseID to value 2863623
Academic license - for non-commercial use only - expires 2027-09-12
Set parameter Username
Set parameter LicenseID to value 2863623
Academic license - for non-commercial use only - expires 2027-09-12
Set parameter Username
Set parameter LicenseID to value 2863623
Academic license - for non-commercial use only - expires 2027-09-12
Set parameter Username
Set parameter LicenseID to value 2863623
Academic license - for non-commercial use only - expires 2027-09-12
Set parameter Username
Set parameter LicenseID to value 2863623
Academic license - for non-commercial use only - expires 2027-09-12
Set parameter Username
Set parameter LicenseID to value 2863623
Academic license - for non-commercial use only - expires 2027-09-12
Set parameter Username
Set parameter LicenseID to value 2863623
Academic license - for non-commercial use only - expires 2027-09-12
Set parameter TimeLimit to value 300
Set parameter NonConvex to value 2
Set parameter MIPGap to value 0.0001
Set parameter LogFile to value "results\yspace_gurobi_14_ieee.log"
Set parameter NonConvex to value 2
Set parameter MIPGap to value 0.0001
Set parameter TimeLimit to value 300
Set parameter LogFile to value "results\yspace_gurobi_14_ieee.log"
Warning for adding constraints: zero or small (< 1e-13) coefficients, ignored
Gurobi Optimizer version 13.0.3 build v13.0.3rc0 (win64 - Windows 11+.0 (26200.2))

CPU model: Intel(R) Core(TM) Ultra 5 225H, instruction set [SSE2|AVX|AVX2]
Thread count: 14 physical cores, 14 logical processors, using up to 14 threads

Non-default parameters:
TimeLimit  300
NonConvex  2

Optimize a model with 13 rows, 55 columns and 536 nonzeros (Max)
Model fingerprint: 0xd26f8dcc
Model has 0 linear objective coefficients
Model has 11 quadratic objective terms
Coefficient statistics:
  Matrix range     [3e-04, 7e+00]
  Objective range  [0e+00, 0e+00]
  QObjective range [2e+00, 2e+00]
  Bounds range     [1e-01, 3e+00]
  RHS range        [1e+00, 1e+00]

Presolve removed 0 rows and 2 columns

Continuous model is non-convex -- solving as a MIP


Presolve removed 0 rows and 3 columns
Presolve time: 0.00s
Presolved: 25 rows, 65 columns, 517 nonzeros
Presolved model has 11 bilinear constraint(s)
Variable types: 65 continuous, 0 integer (0 binary)
Found heuristic solution: objective 5.6122449

Root relaxation: objective 6.227605e+00, 15 iterations, 0.00 seconds (0.00 work units)

    Nodes    |    Current Node    |     Objective Bounds      |     Work
 Expl Unexpl |  Obj  Depth IntInf | Incumbent    BestBd   Gap | It/Node Time

     0     0    6.22761    0    5    5.61224    6.22761  11.0%     -    0s
     0     0    6.08950    0   11    5.61224    6.08950  8.50%     -    0s
     0     0    5.94421    0    4    5.61224    5.94421  5.91%     -    0s
     0     0    5.91674    0    4    5.61224    5.91674  5.43%     -    0s
     0     0    5.90330    0   11    5.61224    5.90330  5.19%     -    0s
     0     0    5.86894    0   11    5.61224    5.86894  4.57%     -    0s
     0     0    5.82023    0   11    5.61224    5.82023  3.71%     -    0s
     0     0    5.81096    0   11    5.61224    5.81096  3.54%     -    0s
     0     0    5.79970    0   11    5.61224    5.79970  3.34%     -    0s
     0     0    5.79421    0   11    5.61224    5.79421  3.24%     -    0s
     0     0    5.78109    0   11    5.61224    5.78109  3.01%     -    0s
     0     0    5.77791    0   11    5.61224    5.77791  2.95%     -    0s
     0     0    5.66941    0    3    5.61224    5.66941  1.02%     -    0s
     0     0    5.66941    0    3    5.61224    5.66941  1.02%     -    0s
     0     2    5.66941    0    3    5.61224    5.66941  1.02%     -    0s

Cutting planes:
  RLT: 5

Explored 5 nodes (51 simplex iterations) in 0.08 seconds (0.02 work units)
Thread count was 14 (of 14 available processors)

Solution count 1: 5.61224 

Optimal solution found (tolerance 1.00e-04)
Best objective 5.612244897959e+00, best bound 5.612298156455e+00, gap 0.0009%

User-callback calls 77, time in user-callback 0.00 sec
Set parameter Username
Set parameter LicenseID to value 2863623
Academic license - for non-commercial use only - expires 2027-09-12
Set parameter TimeLimit to value 300
Set parameter NonConvex to value 2
Set parameter MIPGap to value 0.0001
Set parameter LogFile to value "results\yspace_oldcompare_gurobi_14_ieee.log"
Set parameter NonConvex to value 2
Set parameter MIPGap to value 0.0001
Set parameter TimeLimit to value 300
Set parameter LogFile to value "results\yspace_oldcompare_gurobi_14_ieee.log"
Warning for adding constraints: zero or small (< 1e-13) coefficients, ignored
Gurobi Optimizer version 13.0.3 build v13.0.3rc0 (win64 - Windows 11+.0 (26200.2))

CPU model: Intel(R) Core(TM) Ultra 5 225H, instruction set [SSE2|AVX|AVX2]
Thread count: 14 physical cores, 14 logical processors, using up to 14 threads

Non-default parameters:
TimeLimit  300
NonConvex  2

Optimize a model with 2 rows, 44 columns and 85 nonzeros (Max)
Model fingerprint: 0x47c89110
Model has 0 linear objective coefficients
Model has 820 quadratic objective terms
Coefficient statistics:
  Matrix range     [3e-04, 7e+00]
  Objective range  [0e+00, 0e+00]
  QObjective range [2e-02, 4e+01]
  Bounds range     [1e-01, 3e+00]
  RHS range        [1e+00, 1e+00]

Presolve removed 0 rows and 2 columns

Continuous model is non-convex -- solving as a MIP


Presolve removed 0 rows and 2 columns
Presolve time: 0.00s
Presolved: 1603 rows, 864 columns, 4104 nonzeros
Presolved model has 820 bilinear constraint(s)
Variable types: 864 continuous, 0 integer (0 binary)
Found heuristic solution: objective 5.6122449

Root relaxation: objective 1.258347e+01, 518 iterations, 0.01 seconds (0.00 work units)

    Nodes    |    Current Node    |     Objective Bounds      |     Work
 Expl Unexpl |  Obj  Depth IntInf | Incumbent    BestBd   Gap | It/Node Time

     0     0   12.58347    0   10    5.61224   12.58347   124%     -    0s
     0     0    7.47863    0    3    5.61224    7.47863  33.3%     -    0s
     0     0    7.47863    0    3    5.61224    7.47863  33.3%     -    0s
     0     0    7.47863    0    3    5.61224    7.47863  33.3%     -    0s
     0     0    7.47863    0    3    5.61224    7.47863  33.3%     -    0s
     0     2    7.47863    0    3    5.61224    7.47863  33.3%     -    0s

Cutting planes:
  RLT: 4

Explored 11 nodes (714 simplex iterations) in 0.24 seconds (0.08 work units)
Thread count was 14 (of 14 available processors)

Solution count 1: 5.61224 

Optimal solution found (tolerance 1.00e-04)
Best objective 5.612244897959e+00, best bound 5.612244898004e+00, gap 0.0000%

User-callback calls 90, time in user-callback 0.00 sec
  Activating project at `C:\Documents\VS Code\DCAttack`
  0.002340 seconds (798 allocations: 44.043 KiB)
2051.526309
2
mu-bound preprocessing time = 1.1055 s (44 LPs)
y-bound preprocessing time  = 0.2439 s (22 LPs)

--- y-space LP bounds L[k] <= (B'mu)[k] <= U[k] ---
k      L[k]             U[k]             U[k]-L[k]       
1      -0.38610039      0.71428571       1.1003861       
2      -0.38610039      0.71428571       1.1003861       
3      -0.38610039      0.75087581       1.1369762       
4      -0.38610039      0.73287436       1.1189747       
5      -0.55999742      0.71428571       1.2742831       
6      -0.42937306      0.90984551       1.3392186       
7      -0.38610039      0.71428571       1.1003861       
8      -0.38610039      0.71428571       1.1003861       
9      -0.39036984      0.82719731       1.2175671       
10     -0.56468669      0.87555594       1.4402426       
11     -0.38610039      0.71428571       1.1003861       

min_k L[k]        = -0.56468669
max_k U[k]        = 0.90984551
max_k (U[k]-L[k]) = 1.4402426
avg_k (U[k]-L[k]) = 1.1844721

==============================================================================
Y-SPACE RESULT: pglib_opf_case14_ieee.m
==============================================================================
termination status = OPTIMAL
gamma_inc          = 5.6122449
gamma_bd           = 5.6122982
relative gap       = 9.4897e-06
node count         = 5
solve runtime      = 0.0770 s
presolved rows/cols = 25 / 65
bilinear constraints (presolved) = 11
root relaxation obj = 6.227605
first incumbent found (approx) = 5.6122449
approx root gap = 0.10964598141467406
rho = 1/gamma      = 0.17818182
sqrt(rho)          = 0.42211588

--- equivalence / feasibility verification ---
max|A'mu*|              = 0
|c'mu* + 1|             = 0
min_i mu_i*             = 0
max_k |y_k* - (B'mu*)_k| = 0
sum_k (y_k*)^2          = 5.6122449
(mu*)'BB'mu*            = 5.6122449
difference               = 0

--- old (mu-space) replica re-solve, for root-bound comparison only ---
old replica status  = OPTIMAL
old root relax obj  = 12.58347
old gamma_inc/gamma_bd (replica) = 5.6122449 / 5.6122449

Saved: results\yspace_reduced_qp_14_ieee.txt
Appended: results\yspace_reduced_qp_summary.csv
Gurobi log (new):  results\yspace_gurobi_14_ieee.log
Gurobi log (old replica): results\yspace_oldcompare_gurobi_14_ieee.log
=== FINISHED 14_ieee ===
=== STARTING 24_ieee ===
==============================================================================
Y-SPACE EXPERIMENT -- Case: pglib_opf_case24_ieee_rts.m  (key=24_ieee, time_limit=300.0s)
==============================================================================
[info | PowerModels]: extending matpower format with data: areas 4x3
[info | PowerModels]: removing 1 cost terms from generator 1: [13000.0, 400.6849]
[info | PowerModels]: removing 1 cost terms from generator 29: [0.1, 0.001]
[info | PowerModels]: removing 1 cost terms from generator 2: [13000.0, 400.6849]
[info | PowerModels]: removing 1 cost terms from generator 6: [13000.0, 400.6849]
[info | PowerModels]: removing 1 cost terms from generator 25: [0.1, 0.001]
[info | PowerModels]: removing 1 cost terms from generator 5: [13000.0, 400.6849]
[info | PowerModels]: removing 3 cost terms from generator 15: Float64[]
[info | PowerModels]: removing 1 cost terms from generator 27: [0.1, 0.001]
[info | PowerModels]: removing 1 cost terms from generator 28: [0.1, 0.001]
[info | PowerModels]: removing 1 cost terms from generator 26: [0.1, 0.001]
[info | PowerModels]: removing 1 cost terms from generator 30: [0.1, 0.001]
[info | PowerModels]: updated generator 1 cost function with order 2 to a function of order 3: [0.0, 13000.0, 400.6849]
[info | PowerModels]: updated generator 29 cost function with order 2 to a function of order 3: [0.0, 0.1, 0.001]
[info | PowerModels]: updated generator 2 cost function with order 2 to a function of order 3: [0.0, 13000.0, 400.6849]
[info | PowerModels]: updated generator 6 cost function with order 2 to a function of order 3: [0.0, 13000.0, 400.6849]
[info | PowerModels]: updated generator 25 cost function with order 2 to a function of order 3: [0.0, 0.1, 0.001]
[info | PowerModels]: updated generator 5 cost function with order 2 to a function of order 3: [0.0, 13000.0, 400.6849]
[info | PowerModels]: updated generator 15 cost function with order 0 to a function of order 3: [0.0, 0.0, 0.0]
[info | PowerModels]: updated generator 27 cost function with order 2 to a function of order 3: [0.0, 0.1, 0.001]
[info | PowerModels]: updated generator 28 cost function with order 2 to a function of order 3: [0.0, 0.1, 0.001]
[info | PowerModels]: updated generator 26 cost function with order 2 to a function of order 3: [0.0, 0.1, 0.001]
[info | PowerModels]: updated generator 30 cost function with order 2 to a function of order 3: [0.0, 0.1, 0.001]
Set parameter Username
Set parameter LicenseID to value 2863623
Academic license - for non-commercial use only - expires 2027-09-12
Gurobi Optimizer version 13.0.3 build v13.0.3rc0 (win64 - Windows 11+.0 (26200.2))

CPU model: Intel(R) Core(TM) Ultra 5 225H, instruction set [SSE2|AVX|AVX2]
Thread count: 14 physical cores, 14 logical processors, using up to 14 threads

Optimize a model with 97 rows, 129 columns and 326 nonzeros (Min)
Model fingerprint: 0xa1839ac6
Model has 32 linear objective coefficients
Coefficient statistics:
  Matrix range     [1e+00, 7e+01]
  Objective range  [1e-01, 1e+04]
  Bounds range     [2e-02, 5e+00]
  RHS range        [7e-01, 3e+00]

Presolve removed 59 rows and 78 columns
Presolve time: 0.00s
Presolved: 38 rows, 51 columns, 186 nonzeros

Iteration    Objective       Primal Inf.    Dual Inf.      Time
       0      handle free variables                          0s
      20    4.7737086e+04   0.000000e+00   0.000000e+00      0s

Solved in 20 iterations and 0.00 seconds (0.00 work units)
Optimal objective  4.773708570e+04

User-callback calls 25, time in user-callback 0.00 sec
Set parameter Username
Set parameter LicenseID to value 2863623
Academic license - for non-commercial use only - expires 2027-09-12
Gurobi Optimizer version 13.0.3 build v13.0.3rc0 (win64 - Windows 11+.0 (26200.2))

CPU model: Intel(R) Core(TM) Ultra 5 225H, instruction set [SSE2|AVX|AVX2]
Thread count: 14 physical cores, 14 logical processors, using up to 14 threads

Optimize a model with 141 rows, 32 columns and 2396 nonzeros (Min)
Model fingerprint: 0x2b4c7f73
Model has 32 linear objective coefficients
Coefficient statistics:
  Matrix range     [2e-04, 1e+00]
  Objective range  [1e-01, 1e+04]
  Bounds range     [0e+00, 0e+00]
  RHS range        [2e-02, 3e+01]

Presolve removed 139 rows and 18 columns
Presolve time: 0.00s
Presolved: 2 rows, 14 columns, 27 nonzeros

Iteration    Objective       Primal Inf.    Dual Inf.      Time
       0    2.8543417e+04   1.004872e+01   0.000000e+00      0s
       1    4.7737086e+04   0.000000e+00   0.000000e+00      0s

Solved in 1 iterations and 0.00 seconds (0.00 work units)
Optimal objective  4.773708570e+04

User-callback calls 25, time in user-callback 0.00 sec
Set parameter Username
Set parameter LicenseID to value 2863623
Academic license - for non-commercial use only - expires 2027-09-12
Warning for adding constraints: zero or small (< 1e-13) coefficients, ignored
Gurobi Optimizer version 13.0.3 build v13.0.3rc0 (win64 - Windows 11+.0 (26200.2))

CPU model: Intel(R) Core(TM) Ultra 5 225H, instruction set [SSE2|AVX|AVX2]
Thread count: 14 physical cores, 14 logical processors, using up to 14 threads

Optimize a model with 140 rows, 31 columns and 2424 nonzeros (Min)
Model fingerprint: 0x2f323551
Model has 30 linear objective coefficients and an objective constant of 12605.835
Coefficient statistics:
  Matrix range     [2e-04, 1e+00]
  Objective range  [4e+02, 1e+04]
  Bounds range     [0e+00, 0e+00]
  RHS range        [2e-02, 3e+01]

Presolve removed 138 rows and 18 columns
Presolve time: 0.00s
Presolved: 2 rows, 14 columns, 27 nonzeros

Iteration    Objective       Primal Inf.    Dual Inf.      Time
       0    2.8543417e+04   1.004872e+01   0.000000e+00      0s
       1    4.7737086e+04   0.000000e+00   0.000000e+00      0s

Solved in 1 iterations and 0.00 seconds (0.00 work units)
Optimal objective  4.773708570e+04

User-callback calls 25, time in user-callback 0.00 sec
Set parameter Username
Set parameter LicenseID to value 2863623
Academic license - for non-commercial use only - expires 2027-09-12
Set parameter Username
Set parameter LicenseID to value 2863623
Academic license - for non-commercial use only - expires 2027-09-12
Set parameter Username
Set parameter LicenseID to value 2863623
Academic license - for non-commercial use only - expires 2027-09-12
Set parameter Username
Set parameter LicenseID to value 2863623
Academic license - for non-commercial use only - expires 2027-09-12
Set parameter Username
Set parameter LicenseID to value 2863623
Academic license - for non-commercial use only - expires 2027-09-12
Set parameter Username
Set parameter LicenseID to value 2863623
Academic license - for non-commercial use only - expires 2027-09-12
Set parameter Username
Set parameter LicenseID to value 2863623
Academic license - for non-commercial use only - expires 2027-09-12
Set parameter Username
Set parameter LicenseID to value 2863623
Academic license - for non-commercial use only - expires 2027-09-12
Set parameter Username
Set parameter LicenseID to value 2863623
Academic license - for non-commercial use only - expires 2027-09-12
Set parameter Username
Set parameter LicenseID to value 2863623
Academic license - for non-commercial use only - expires 2027-09-12
Set parameter Username
Set parameter LicenseID to value 2863623
Academic license - for non-commercial use only - expires 2027-09-12
Set parameter Username
Set parameter LicenseID to value 2863623
Academic license - for non-commercial use only - expires 2027-09-12
Set parameter Username
Set parameter LicenseID to value 2863623
Academic license - for non-commercial use only - expires 2027-09-12
Set parameter Username
Set parameter LicenseID to value 2863623
Academic license - for non-commercial use only - expires 2027-09-12
Set parameter Username
Set parameter LicenseID to value 2863623
Academic license - for non-commercial use only - expires 2027-09-12
Set parameter Username
Set parameter LicenseID to value 2863623
Academic license - for non-commercial use only - expires 2027-09-12
Set parameter Username
Set parameter LicenseID to value 2863623
Academic license - for non-commercial use only - expires 2027-09-12
Set parameter Username
Set parameter LicenseID to value 2863623
Academic license - for non-commercial use only - expires 2027-09-12
Set parameter Username
Set parameter LicenseID to value 2863623
Academic license - for non-commercial use only - expires 2027-09-12
Set parameter Username
Set parameter LicenseID to value 2863623
Academic license - for non-commercial use only - expires 2027-09-12
Set parameter Username
Set parameter LicenseID to value 2863623
Academic license - for non-commercial use only - expires 2027-09-12
Set parameter Username
Set parameter LicenseID to value 2863623
Academic license - for non-commercial use only - expires 2027-09-12
Set parameter Username
Set parameter LicenseID to value 2863623
Academic license - for non-commercial use only - expires 2027-09-12
Set parameter Username
Set parameter LicenseID to value 2863623
Academic license - for non-commercial use only - expires 2027-09-12
Set parameter Username
Set parameter LicenseID to value 2863623
Academic license - for non-commercial use only - expires 2027-09-12
Set parameter Username
Set parameter LicenseID to value 2863623
Academic license - for non-commercial use only - expires 2027-09-12
Set parameter Username
Set parameter LicenseID to value 2863623
Academic license - for non-commercial use only - expires 2027-09-12
Set parameter Username
Set parameter LicenseID to value 2863623
Academic license - for non-commercial use only - expires 2027-09-12
Set parameter Username
Set parameter LicenseID to value 2863623
Academic license - for non-commercial use only - expires 2027-09-12
Set parameter Username
Set parameter LicenseID to value 2863623
Academic license - for non-commercial use only - expires 2027-09-12
Set parameter Username
Set parameter LicenseID to value 2863623
Academic license - for non-commercial use only - expires 2027-09-12
Set parameter Username
Set parameter LicenseID to value 2863623
Academic license - for non-commercial use only - expires 2027-09-12
Set parameter Username
Set parameter LicenseID to value 2863623
Academic license - for non-commercial use only - expires 2027-09-12
Set parameter Username
Set parameter LicenseID to value 2863623
Academic license - for non-commercial use only - expires 2027-09-12
Set parameter Username
Set parameter LicenseID to value 2863623
Academic license - for non-commercial use only - expires 2027-09-12
Set parameter Username
Set parameter LicenseID to value 2863623
Academic license - for non-commercial use only - expires 2027-09-12
Set parameter Username
Set parameter LicenseID to value 2863623
Academic license - for non-commercial use only - expires 2027-09-12
Set parameter Username
Set parameter LicenseID to value 2863623
Academic license - for non-commercial use only - expires 2027-09-12
Set parameter Username
Set parameter LicenseID to value 2863623
Academic license - for non-commercial use only - expires 2027-09-12
Set parameter Username
Set parameter LicenseID to value 2863623
Academic license - for non-commercial use only - expires 2027-09-12
Set parameter Username
Set parameter LicenseID to value 2863623
Academic license - for non-commercial use only - expires 2027-09-12
Set parameter Username
Set parameter LicenseID to value 2863623
Academic license - for non-commercial use only - expires 2027-09-12
Set parameter Username
Set parameter LicenseID to value 2863623
Academic license - for non-commercial use only - expires 2027-09-12
Set parameter Username
Set parameter LicenseID to value 2863623
Academic license - for non-commercial use only - expires 2027-09-12
Set parameter Username
Set parameter LicenseID to value 2863623
Academic license - for non-commercial use only - expires 2027-09-12
Set parameter Username
Set parameter LicenseID to value 2863623
Academic license - for non-commercial use only - expires 2027-09-12
Set parameter Username
Set parameter LicenseID to value 2863623
Academic license - for non-commercial use only - expires 2027-09-12
Set parameter Username
Set parameter LicenseID to value 2863623
Academic license - for non-commercial use only - expires 2027-09-12
Set parameter Username
Set parameter LicenseID to value 2863623
Academic license - for non-commercial use only - expires 2027-09-12
Set parameter Username
Set parameter LicenseID to value 2863623
Academic license - for non-commercial use only - expires 2027-09-12
Set parameter Username
Set parameter LicenseID to value 2863623
Academic license - for non-commercial use only - expires 2027-09-12
Set parameter Username
Set parameter LicenseID to value 2863623
Academic license - for non-commercial use only - expires 2027-09-12
Set parameter Username
Set parameter LicenseID to value 2863623
Academic license - for non-commercial use only - expires 2027-09-12
Set parameter Username
Set parameter LicenseID to value 2863623
Academic license - for non-commercial use only - expires 2027-09-12
Set parameter Username
Set parameter LicenseID to value 2863623
Academic license - for non-commercial use only - expires 2027-09-12
Set parameter Username
Set parameter LicenseID to value 2863623
Academic license - for non-commercial use only - expires 2027-09-12
Set parameter Username
Set parameter LicenseID to value 2863623
Academic license - for non-commercial use only - expires 2027-09-12
Set parameter Username
Set parameter LicenseID to value 2863623
Academic license - for non-commercial use only - expires 2027-09-12
Set parameter Username
Set parameter LicenseID to value 2863623
Academic license - for non-commercial use only - expires 2027-09-12
Set parameter Username
Set parameter LicenseID to value 2863623
Academic license - for non-commercial use only - expires 2027-09-12
Set parameter Username
Set parameter LicenseID to value 2863623
Academic license - for non-commercial use only - expires 2027-09-12
Set parameter Username
Set parameter LicenseID to value 2863623
Academic license - for non-commercial use only - expires 2027-09-12
Set parameter Username
Set parameter LicenseID to value 2863623
Academic license - for non-commercial use only - expires 2027-09-12
Set parameter Username
Set parameter LicenseID to value 2863623
Academic license - for non-commercial use only - expires 2027-09-12
Set parameter Username
Set parameter LicenseID to value 2863623
Academic license - for non-commercial use only - expires 2027-09-12
Set parameter Username
Set parameter LicenseID to value 2863623
Academic license - for non-commercial use only - expires 2027-09-12
Set parameter Username
Set parameter LicenseID to value 2863623
Academic license - for non-commercial use only - expires 2027-09-12
Set parameter Username
Set parameter LicenseID to value 2863623
Academic license - for non-commercial use only - expires 2027-09-12
Set parameter Username
Set parameter LicenseID to value 2863623
Academic license - for non-commercial use only - expires 2027-09-12
Set parameter Username
Set parameter LicenseID to value 2863623
Academic license - for non-commercial use only - expires 2027-09-12
Set parameter Username
Set parameter LicenseID to value 2863623
Academic license - for non-commercial use only - expires 2027-09-12
Set parameter Username
Set parameter LicenseID to value 2863623
Academic license - for non-commercial use only - expires 2027-09-12
Set parameter Username
Set parameter LicenseID to value 2863623
Academic license - for non-commercial use only - expires 2027-09-12
Set parameter Username
Set parameter LicenseID to value 2863623
Academic license - for non-commercial use only - expires 2027-09-12
Set parameter Username
Set parameter LicenseID to value 2863623
Academic license - for non-commercial use only - expires 2027-09-12
Set parameter Username
Set parameter LicenseID to value 2863623
Academic license - for non-commercial use only - expires 2027-09-12
Set parameter Username
Set parameter LicenseID to value 2863623
Academic license - for non-commercial use only - expires 2027-09-12
Set parameter Username
Set parameter LicenseID to value 2863623
Academic license - for non-commercial use only - expires 2027-09-12
Set parameter Username
Set parameter LicenseID to value 2863623
Academic license - for non-commercial use only - expires 2027-09-12
Set parameter Username
Set parameter LicenseID to value 2863623
Academic license - for non-commercial use only - expires 2027-09-12
Set parameter Username
Set parameter LicenseID to value 2863623
Academic license - for non-commercial use only - expires 2027-09-12
Set parameter Username
Set parameter LicenseID to value 2863623
Academic license - for non-commercial use only - expires 2027-09-12
Set parameter Username
Set parameter LicenseID to value 2863623
Academic license - for non-commercial use only - expires 2027-09-12
Set parameter Username
Set parameter LicenseID to value 2863623
Academic license - for non-commercial use only - expires 2027-09-12
Set parameter Username
Set parameter LicenseID to value 2863623
Academic license - for non-commercial use only - expires 2027-09-12
Set parameter Username
Set parameter LicenseID to value 2863623
Academic license - for non-commercial use only - expires 2027-09-12
Set parameter Username
Set parameter LicenseID to value 2863623
Academic license - for non-commercial use only - expires 2027-09-12
Set parameter Username
Set parameter LicenseID to value 2863623
Academic license - for non-commercial use only - expires 2027-09-12
Set parameter Username
Set parameter LicenseID to value 2863623
Academic license - for non-commercial use only - expires 2027-09-12
Set parameter Username
Set parameter LicenseID to value 2863623
Academic license - for non-commercial use only - expires 2027-09-12
Set parameter Username
Set parameter LicenseID to value 2863623
Academic license - for non-commercial use only - expires 2027-09-12
Set parameter Username
Set parameter LicenseID to value 2863623
Academic license - for non-commercial use only - expires 2027-09-12
Set parameter Username
Set parameter LicenseID to value 2863623
Academic license - for non-commercial use only - expires 2027-09-12
Set parameter Username
Set parameter LicenseID to value 2863623
Academic license - for non-commercial use only - expires 2027-09-12
Set parameter Username
Set parameter LicenseID to value 2863623
Academic license - for non-commercial use only - expires 2027-09-12
Set parameter Username
Set parameter LicenseID to value 2863623
Academic license - for non-commercial use only - expires 2027-09-12
Set parameter Username
Set parameter LicenseID to value 2863623
Academic license - for non-commercial use only - expires 2027-09-12
Set parameter Username
Set parameter LicenseID to value 2863623
Academic license - for non-commercial use only - expires 2027-09-12
Set parameter Username
Set parameter LicenseID to value 2863623
Academic license - for non-commercial use only - expires 2027-09-12
Set parameter Username
Set parameter LicenseID to value 2863623
Academic license - for non-commercial use only - expires 2027-09-12
Set parameter Username
Set parameter LicenseID to value 2863623
Academic license - for non-commercial use only - expires 2027-09-12
Set parameter Username
Set parameter LicenseID to value 2863623
Academic license - for non-commercial use only - expires 2027-09-12
Set parameter Username
Set parameter LicenseID to value 2863623
Academic license - for non-commercial use only - expires 2027-09-12
Set parameter Username
Set parameter LicenseID to value 2863623
Academic license - for non-commercial use only - expires 2027-09-12
Set parameter Username
Set parameter LicenseID to value 2863623
Academic license - for non-commercial use only - expires 2027-09-12
Set parameter Username
Set parameter LicenseID to value 2863623
Academic license - for non-commercial use only - expires 2027-09-12
Set parameter Username
Set parameter LicenseID to value 2863623
Academic license - for non-commercial use only - expires 2027-09-12
Set parameter Username
Set parameter LicenseID to value 2863623
Academic license - for non-commercial use only - expires 2027-09-12
Set parameter Username
Set parameter LicenseID to value 2863623
Academic license - for non-commercial use only - expires 2027-09-12
Set parameter Username
Set parameter LicenseID to value 2863623
Academic license - for non-commercial use only - expires 2027-09-12
Set parameter Username
Set parameter LicenseID to value 2863623
Academic license - for non-commercial use only - expires 2027-09-12
Set parameter Username
Set parameter LicenseID to value 2863623
Academic license - for non-commercial use only - expires 2027-09-12
Set parameter Username
Set parameter LicenseID to value 2863623
Academic license - for non-commercial use only - expires 2027-09-12
Set parameter Username
Set parameter LicenseID to value 2863623
Academic license - for non-commercial use only - expires 2027-09-12
Set parameter Username
Set parameter LicenseID to value 2863623
Academic license - for non-commercial use only - expires 2027-09-12
Set parameter Username
Set parameter LicenseID to value 2863623
Academic license - for non-commercial use only - expires 2027-09-12
Set parameter Username
Set parameter LicenseID to value 2863623
Academic license - for non-commercial use only - expires 2027-09-12
Set parameter Username
Set parameter LicenseID to value 2863623
Academic license - for non-commercial use only - expires 2027-09-12
Set parameter Username
Set parameter LicenseID to value 2863623
Academic license - for non-commercial use only - expires 2027-09-12
Set parameter Username
Set parameter LicenseID to value 2863623
Academic license - for non-commercial use only - expires 2027-09-12
Set parameter Username
Set parameter LicenseID to value 2863623
Academic license - for non-commercial use only - expires 2027-09-12
Set parameter Username
Set parameter LicenseID to value 2863623
Academic license - for non-commercial use only - expires 2027-09-12
Set parameter Username
Set parameter LicenseID to value 2863623
Academic license - for non-commercial use only - expires 2027-09-12
Set parameter Username
Set parameter LicenseID to value 2863623
Academic license - for non-commercial use only - expires 2027-09-12
Set parameter Username
Set parameter LicenseID to value 2863623
Academic license - for non-commercial use only - expires 2027-09-12
Set parameter Username
Set parameter LicenseID to value 2863623
Academic license - for non-commercial use only - expires 2027-09-12
Set parameter Username
Set parameter LicenseID to value 2863623
Academic license - for non-commercial use only - expires 2027-09-12
Set parameter Username
Set parameter LicenseID to value 2863623
Academic license - for non-commercial use only - expires 2027-09-12
Set parameter Username
Set parameter LicenseID to value 2863623
Academic license - for non-commercial use only - expires 2027-09-12
Set parameter Username
Set parameter LicenseID to value 2863623
Academic license - for non-commercial use only - expires 2027-09-12
Set parameter Username
Set parameter LicenseID to value 2863623
Academic license - for non-commercial use only - expires 2027-09-12
Set parameter Username
Set parameter LicenseID to value 2863623
Academic license - for non-commercial use only - expires 2027-09-12
Set parameter Username
Set parameter LicenseID to value 2863623
Academic license - for non-commercial use only - expires 2027-09-12
Set parameter Username
Set parameter LicenseID to value 2863623
Academic license - for non-commercial use only - expires 2027-09-12
Set parameter Username
Set parameter LicenseID to value 2863623
Academic license - for non-commercial use only - expires 2027-09-12
Set parameter Username
Set parameter LicenseID to value 2863623
Academic license - for non-commercial use only - expires 2027-09-12
Set parameter Username
Set parameter LicenseID to value 2863623
Academic license - for non-commercial use only - expires 2027-09-12
Set parameter Username
Set parameter LicenseID to value 2863623
Academic license - for non-commercial use only - expires 2027-09-12
Set parameter Username
Set parameter LicenseID to value 2863623
Academic license - for non-commercial use only - expires 2027-09-12
Set parameter Username
Set parameter LicenseID to value 2863623
Academic license - for non-commercial use only - expires 2027-09-12
Set parameter Username
Set parameter LicenseID to value 2863623
Academic license - for non-commercial use only - expires 2027-09-12
Set parameter Username
Set parameter LicenseID to value 2863623
Academic license - for non-commercial use only - expires 2027-09-12
Set parameter TimeLimit to value 300
Set parameter NonConvex to value 2
Set parameter MIPGap to value 0.0001
Set parameter LogFile to value "results\yspace_gurobi_24_ieee.log"
Set parameter NonConvex to value 2
Set parameter MIPGap to value 0.0001
Set parameter TimeLimit to value 300
Set parameter LogFile to value "results\yspace_gurobi_24_ieee.log"
Warning for adding constraints: zero or small (< 1e-13) coefficients, ignored
Gurobi Optimizer version 13.0.3 build v13.0.3rc0 (win64 - Windows 11+.0 (26200.2))

CPU model: Intel(R) Core(TM) Ultra 5 225H, instruction set [SSE2|AVX|AVX2]
Thread count: 14 physical cores, 14 logical processors, using up to 14 threads

Non-default parameters:
TimeLimit  300
NonConvex  2

Optimize a model with 49 rows, 157 columns and 3875 nonzeros (Max)
Model fingerprint: 0x028aa422
Model has 0 linear objective coefficients
Model has 17 quadratic objective terms
Coefficient statistics:
  Matrix range     [2e-04, 3e+01]
  Objective range  [0e+00, 0e+00]
  QObjective range [2e+00, 2e+00]
  Bounds range     [6e-02, 2e+01]
  RHS range        [1e+00, 1e+00]

Presolve removed 0 rows and 8 columns

Continuous model is non-convex -- solving as a MIP


Presolve removed 2 rows and 20 columns
Presolve time: 0.01s
Presolved: 65 rows, 156 columns, 1219 nonzeros
Presolved model has 17 bilinear constraint(s)
Variable types: 156 continuous, 0 integer (0 binary)
Found heuristic solution: objective 0.5519032

Root relaxation: objective 9.012101e-01, 82 iterations, 0.00 seconds (0.00 work units)

    Nodes    |    Current Node    |     Objective Bounds      |     Work
 Expl Unexpl |  Obj  Depth IntInf | Incumbent    BestBd   Gap | It/Node Time

     0     0    0.90121    0    7    0.55190    0.90121  63.3%     -    0s
H    0     0                       0.5519033    0.90121  63.3%     -    0s
     0     0    0.87241    0   17    0.55190    0.87241  58.1%     -    0s
     0     0    0.86521    0    7    0.55190    0.86521  56.8%     -    0s
     0     0    0.86521    0    7    0.55190    0.86521  56.8%     -    0s
     0     2    0.86521    0    7    0.55190    0.86521  56.8%     -    0s
*   84     0              15       0.5519036    0.55190  0.00%   2.0    0s

Cutting planes:
  RLT: 10

Explored 85 nodes (261 simplex iterations) in 0.05 seconds (0.04 work units)
Thread count was 14 (of 14 available processors)

Solution count 1: 0.551904 

Optimal solution found (tolerance 1.00e-04)
Best objective 5.519032546060e-01, best bound 5.519036117802e-01, gap 0.0001%

User-callback calls 71, time in user-callback 0.00 sec
Set parameter Username
Set parameter LicenseID to value 2863623
Academic license - for non-commercial use only - expires 2027-09-12
Set parameter TimeLimit to value 300
Set parameter NonConvex to value 2
Set parameter MIPGap to value 0.0001
Set parameter LogFile to value "results\yspace_oldcompare_gurobi_24_ieee.log"
Set parameter NonConvex to value 2
Set parameter MIPGap to value 0.0001
Set parameter TimeLimit to value 300
Set parameter LogFile to value "results\yspace_oldcompare_gurobi_24_ieee.log"
Warning for adding constraints: zero or small (< 1e-13) coefficients, ignored
Gurobi Optimizer version 13.0.3 build v13.0.3rc0 (win64 - Windows 11+.0 (26200.2))

CPU model: Intel(R) Core(TM) Ultra 5 225H, instruction set [SSE2|AVX|AVX2]
Thread count: 14 physical cores, 14 logical processors, using up to 14 threads

Non-default parameters:
TimeLimit  300
NonConvex  2

Optimize a model with 32 rows, 140 columns and 2564 nonzeros (Max)
Model fingerprint: 0x03b0dc7e
Model has 0 linear objective coefficients
Model has 3081 quadratic objective terms
Coefficient statistics:
  Matrix range     [2e-04, 3e+01]
  Objective range  [0e+00, 0e+00]
  QObjective range [6e-04, 7e+01]
  Bounds range     [1e-01, 2e+01]
  RHS range        [1e+00, 1e+00]


Continuous model is non-convex -- solving as a MIP


Presolve removed 6 rows and 18 columns
Presolve time: 0.00s
Presolved: 6111 rows, 3205 columns, 16457 nonzeros
Presolved model has 3081 bilinear constraint(s)
Variable types: 3205 continuous, 0 integer (0 binary)
Found heuristic solution: objective 0.5519032

Root relaxation: objective 2.501814e+00, 1792 iterations, 0.01 seconds (0.04 work units)

    Nodes    |    Current Node    |     Objective Bounds      |     Work
 Expl Unexpl |  Obj  Depth IntInf | Incumbent    BestBd   Gap | It/Node Time

     0     0    2.50181    0  231    0.55190    2.50181   353%     -    0s
     0     0    1.38878    0  169    0.55190    1.38878   152%     -    0s
     0     0    1.37555    0  169    0.55190    1.37555   149%     -    0s
     0     0    1.22363    0  169    0.55190    1.22363   122%     -    0s
     0     0    1.20391    0  170    0.55190    1.20391   118%     -    0s
     0     0    1.20391    0  170    0.55190    1.20391   118%     -    0s
     0     0    1.20391    0  170    0.55190    1.20391   118%     -    0s
     0     2    1.20391    0  170    0.55190    1.20391   118%     -    0s
H   67    32                       0.5519032    0.71193  29.0%  64.5    0s
H   87    32                       0.5519033    0.68393  23.9%  59.7    0s
*  133    26               9       0.5519036    0.67271  21.9%  52.2    0s

Cutting planes:
  RLT: 32
  BQP: 35

Explored 189 nodes (10696 simplex iterations) in 0.74 seconds (0.87 work units)
Thread count was 14 (of 14 available processors)

Solution count 1: 0.551904 

Optimal solution found (tolerance 1.00e-04)
Best objective 5.519032546060e-01, best bound 5.519035507622e-01, gap 0.0001%

User-callback calls 131, time in user-callback 0.00 sec
  Activating project at `C:\Documents\VS Code\DCAttack`
  0.003010 seconds (2.00 k allocations: 194.798 KiB)
47737.08569999992
16
mu-bound preprocessing time = 0.7943 s (140 LPs)
y-bound preprocessing time  = 0.1044 s (34 LPs)

--- y-space LP bounds L[k] <= (B'mu)[k] <= U[k] ---
k      L[k]             U[k]             U[k]-L[k]       
1      -0.19864692      0.32602785       0.52467477      
2      -0.16031646      0.19216706       0.35248351      
3      -0.069252078     0.18018018       0.24943226      
4      -0.18390386      0.21850654       0.4024104       
5      -0.22509483      0.62969866       0.85479348      
6      -0.067648485     0.18018018       0.24782866      
7      -0.07170808      0.18018018       0.25188826      
8      -0.19569472      0.27387022       0.46956493      
9      -0.073592308     0.18018018       0.25377249      
10     -0.076663342     0.18018018       0.25684352      
11     -0.055126792     0.18018018       0.23530697      
12     -0.37037037      0.25316456       0.62353493      
13     -0.15154915      0.2357809        0.38733006      
14     -0.067109642     0.18018018       0.24728982      
15     -0.06118707      0.18018018       0.24136725      
16     -0.073726113     0.18018018       0.25390629      
17     -0.12673676      0.18018018       0.30691694      

min_k L[k]        = -0.37037037
max_k U[k]        = 0.62969866
max_k (U[k]-L[k]) = 0.85479348
avg_k (U[k]-L[k]) = 0.36231439

==============================================================================
Y-SPACE RESULT: pglib_opf_case24_ieee_rts.m
==============================================================================
termination status = OPTIMAL
gamma_inc          = 0.55190325
gamma_bd           = 0.55190361
relative gap       = 6.47168e-07
node count         = 85
solve runtime      = 0.0540 s
presolved rows/cols = 65 / 156
bilinear constraints (presolved) = 17
root relaxation obj = 0.9012101
first incumbent found (approx) = 0.5519032
approx root gap = 0.6329133442241319
rho = 1/gamma      = 1.8119118
sqrt(rho)          = 1.3460727

--- equivalence / feasibility verification ---
max|A'mu*|              = 0
|c'mu* + 1|             = 1.33227e-15
min_i mu_i*             = 0
max_k |y_k* - (B'mu*)_k| = 0
sum_k (y_k*)^2          = 0.55190325
(mu*)'BB'mu*            = 0.55190325
difference               = 2.22045e-16

--- old (mu-space) replica re-solve, for root-bound comparison only ---
old replica status  = OPTIMAL
old root relax obj  = 2.501814
old gamma_inc/gamma_bd (replica) = 0.55190325 / 0.55190355

Saved: results\yspace_reduced_qp_24_ieee.txt
Appended: results\yspace_reduced_qp_summary.csv
Gurobi log (new):  results\yspace_gurobi_24_ieee.log
Gurobi log (old replica): results\yspace_oldcompare_gurobi_24_ieee.log
=== FINISHED 24_ieee ===
=== STARTING 30_as ===
==============================================================================
Y-SPACE EXPERIMENT -- Case: pglib_opf_case30_as.m  (key=30_as, time_limit=300.0s)
==============================================================================
[info | PowerModels]: extending matpower format with data: areas 1x3
[warn | PowerModels]: no active generators found at bus 23, updating to bus type from 2 to 1
[warn | PowerModels]: no active generators found at bus 22, updating to bus type from 2 to 1
[warn | PowerModels]: active generators found at bus 11, updating to bus type from 1 to 2
[warn | PowerModels]: active generators found at bus 5, updating to bus type from 1 to 2
[warn | PowerModels]: no active generators found at bus 27, updating to bus type from 2 to 1
[warn | PowerModels]: active generators found at bus 8, updating to bus type from 1 to 2
Set parameter Username
Set parameter LicenseID to value 2863623
Academic license - for non-commercial use only - expires 2027-09-12
Gurobi Optimizer version 13.0.3 build v13.0.3rc0 (win64 - Windows 11+.0 (26200.2))

CPU model: Intel(R) Core(TM) Ultra 5 225H, instruction set [SSE2|AVX|AVX2]
Thread count: 14 physical cores, 14 logical processors, using up to 14 threads

Optimize a model with 113 rows, 118 columns and 335 nonzeros (Min)
Model fingerprint: 0x87a06c65
Model has 6 linear objective coefficients
Coefficient statistics:
  Matrix range     [1e+00, 3e+01]
  Objective range  [1e+02, 3e+02]
  Bounds range     [1e-01, 2e+00]
  RHS range        [2e-02, 9e-01]

Presolve removed 96 rows and 96 columns
Presolve time: 0.00s
Presolved: 17 rows, 22 columns, 66 nonzeros

Iteration    Objective       Primal Inf.    Dual Inf.      Time
       0    2.4850000e+02   8.214340e+00   0.000000e+00      0s
      10    5.3130000e+02   0.000000e+00   0.000000e+00      0s

Solved in 10 iterations and 0.00 seconds (0.00 work units)
Optimal objective  5.313000000e+02

User-callback calls 25, time in user-callback 0.00 sec
Set parameter Username
Set parameter LicenseID to value 2863623
Academic license - for non-commercial use only - expires 2027-09-12
Gurobi Optimizer version 13.0.3 build v13.0.3rc0 (win64 - Windows 11+.0 (26200.2))

CPU model: Intel(R) Core(TM) Ultra 5 225H, instruction set [SSE2|AVX|AVX2]
Thread count: 14 physical cores, 14 logical processors, using up to 14 threads

Optimize a model with 95 rows, 6 columns and 372 nonzeros (Min)
Model fingerprint: 0x6e3359b0
Model has 6 linear objective coefficients
Coefficient statistics:
  Matrix range     [2e-04, 1e+00]
  Objective range  [1e+02, 3e+02]
  Bounds range     [0e+00, 0e+00]
  RHS range        [7e-02, 3e+00]

Presolve removed 90 rows and 0 columns
Presolve time: 0.00s
Presolved: 5 rows, 7 columns, 27 nonzeros

Iteration    Objective       Primal Inf.    Dual Inf.      Time
       0    4.1490000e+02   1.425314e+00   0.000000e+00      0s
       2    5.3130000e+02   0.000000e+00   0.000000e+00      0s

Solved in 2 iterations and 0.00 seconds (0.00 work units)
Optimal objective  5.313000000e+02

User-callback calls 25, time in user-callback 0.00 sec
Set parameter Username
Set parameter LicenseID to value 2863623
Academic license - for non-commercial use only - expires 2027-09-12
Warning for adding constraints: zero or small (< 1e-13) coefficients, ignored
Gurobi Optimizer version 13.0.3 build v13.0.3rc0 (win64 - Windows 11+.0 (26200.2))

CPU model: Intel(R) Core(TM) Ultra 5 225H, instruction set [SSE2|AVX|AVX2]
Thread count: 14 physical cores, 14 logical processors, using up to 14 threads

Optimize a model with 94 rows, 5 columns and 374 nonzeros (Min)
Model fingerprint: 0xfc1142a6
Model has 5 linear objective coefficients and an objective constant of 9.2105000000000007e+02
Coefficient statistics:
  Matrix range     [2e-04, 1e+00]
  Objective range  [3e+01, 2e+02]
  Bounds range     [0e+00, 0e+00]
  RHS range        [7e-02, 3e+00]

Presolve removed 89 rows and 0 columns
Presolve time: 0.00s
Presolved: 5 rows, 7 columns, 27 nonzeros

Iteration    Objective       Primal Inf.    Dual Inf.      Time
       0    3.8580472e+02   1.572625e+00   0.000000e+00      0s
       2    5.3130000e+02   0.000000e+00   0.000000e+00      0s

Solved in 2 iterations and 0.00 seconds (0.00 work units)
Optimal objective  5.313000000e+02

User-callback calls 25, time in user-callback 0.00 sec
Set parameter Username
Set parameter LicenseID to value 2863623
Academic license - for non-commercial use only - expires 2027-09-12
Set parameter Username
Set parameter LicenseID to value 2863623
Academic license - for non-commercial use only - expires 2027-09-12
Set parameter Username
Set parameter LicenseID to value 2863623
Academic license - for non-commercial use only - expires 2027-09-12
Set parameter Username
Set parameter LicenseID to value 2863623
Academic license - for non-commercial use only - expires 2027-09-12
Set parameter Username
Set parameter LicenseID to value 2863623
Academic license - for non-commercial use only - expires 2027-09-12
Set parameter Username
Set parameter LicenseID to value 2863623
Academic license - for non-commercial use only - expires 2027-09-12
Set parameter Username
Set parameter LicenseID to value 2863623
Academic license - for non-commercial use only - expires 2027-09-12
Set parameter Username
Set parameter LicenseID to value 2863623
Academic license - for non-commercial use only - expires 2027-09-12
Set parameter Username
Set parameter LicenseID to value 2863623
Academic license - for non-commercial use only - expires 2027-09-12
Set parameter Username
Set parameter LicenseID to value 2863623
Academic license - for non-commercial use only - expires 2027-09-12
Set parameter Username
Set parameter LicenseID to value 2863623
Academic license - for non-commercial use only - expires 2027-09-12
Set parameter Username
Set parameter LicenseID to value 2863623
Academic license - for non-commercial use only - expires 2027-09-12
Set parameter Username
Set parameter LicenseID to value 2863623
Academic license - for non-commercial use only - expires 2027-09-12
Set parameter Username
Set parameter LicenseID to value 2863623
Academic license - for non-commercial use only - expires 2027-09-12
Set parameter Username
Set parameter LicenseID to value 2863623
Academic license - for non-commercial use only - expires 2027-09-12
Set parameter Username
Set parameter LicenseID to value 2863623
Academic license - for non-commercial use only - expires 2027-09-12
Set parameter Username
Set parameter LicenseID to value 2863623
Academic license - for non-commercial use only - expires 2027-09-12
Set parameter Username
Set parameter LicenseID to value 2863623
Academic license - for non-commercial use only - expires 2027-09-12
Set parameter Username
Set parameter LicenseID to value 2863623
Academic license - for non-commercial use only - expires 2027-09-12
Set parameter Username
Set parameter LicenseID to value 2863623
Academic license - for non-commercial use only - expires 2027-09-12
Set parameter Username
Set parameter LicenseID to value 2863623
Academic license - for non-commercial use only - expires 2027-09-12
Set parameter Username
Set parameter LicenseID to value 2863623
Academic license - for non-commercial use only - expires 2027-09-12
Set parameter Username
Set parameter LicenseID to value 2863623
Academic license - for non-commercial use only - expires 2027-09-12
Set parameter Username
Set parameter LicenseID to value 2863623
Academic license - for non-commercial use only - expires 2027-09-12
Set parameter Username
Set parameter LicenseID to value 2863623
Academic license - for non-commercial use only - expires 2027-09-12
Set parameter Username
Set parameter LicenseID to value 2863623
Academic license - for non-commercial use only - expires 2027-09-12
Set parameter Username
Set parameter LicenseID to value 2863623
Academic license - for non-commercial use only - expires 2027-09-12
Set parameter Username
Set parameter LicenseID to value 2863623
Academic license - for non-commercial use only - expires 2027-09-12
Set parameter Username
Set parameter LicenseID to value 2863623
Academic license - for non-commercial use only - expires 2027-09-12
Set parameter Username
Set parameter LicenseID to value 2863623
Academic license - for non-commercial use only - expires 2027-09-12
Set parameter Username
Set parameter LicenseID to value 2863623
Academic license - for non-commercial use only - expires 2027-09-12
Set parameter Username
Set parameter LicenseID to value 2863623
Academic license - for non-commercial use only - expires 2027-09-12
Set parameter Username
Set parameter LicenseID to value 2863623
Academic license - for non-commercial use only - expires 2027-09-12
Set parameter Username
Set parameter LicenseID to value 2863623
Academic license - for non-commercial use only - expires 2027-09-12
Set parameter Username
Set parameter LicenseID to value 2863623
Academic license - for non-commercial use only - expires 2027-09-12
Set parameter Username
Set parameter LicenseID to value 2863623
Academic license - for non-commercial use only - expires 2027-09-12
Set parameter Username
Set parameter LicenseID to value 2863623
Academic license - for non-commercial use only - expires 2027-09-12
Set parameter Username
Set parameter LicenseID to value 2863623
Academic license - for non-commercial use only - expires 2027-09-12
Set parameter Username
Set parameter LicenseID to value 2863623
Academic license - for non-commercial use only - expires 2027-09-12
Set parameter Username
Set parameter LicenseID to value 2863623
Academic license - for non-commercial use only - expires 2027-09-12
Set parameter Username
Set parameter LicenseID to value 2863623
Academic license - for non-commercial use only - expires 2027-09-12
Set parameter Username
Set parameter LicenseID to value 2863623
Academic license - for non-commercial use only - expires 2027-09-12
Set parameter Username
Set parameter LicenseID to value 2863623
Academic license - for non-commercial use only - expires 2027-09-12
Set parameter Username
Set parameter LicenseID to value 2863623
Academic license - for non-commercial use only - expires 2027-09-12
Set parameter Username
Set parameter LicenseID to value 2863623
Academic license - for non-commercial use only - expires 2027-09-12
Set parameter Username
Set parameter LicenseID to value 2863623
Academic license - for non-commercial use only - expires 2027-09-12
Set parameter Username
Set parameter LicenseID to value 2863623
Academic license - for non-commercial use only - expires 2027-09-12
Set parameter Username
Set parameter LicenseID to value 2863623
Academic license - for non-commercial use only - expires 2027-09-12
Set parameter Username
Set parameter LicenseID to value 2863623
Academic license - for non-commercial use only - expires 2027-09-12
Set parameter Username
Set parameter LicenseID to value 2863623
Academic license - for non-commercial use only - expires 2027-09-12
Set parameter Username
Set parameter LicenseID to value 2863623
Academic license - for non-commercial use only - expires 2027-09-12
Set parameter Username
Set parameter LicenseID to value 2863623
Academic license - for non-commercial use only - expires 2027-09-12
Set parameter Username
Set parameter LicenseID to value 2863623
Academic license - for non-commercial use only - expires 2027-09-12
Set parameter Username
Set parameter LicenseID to value 2863623
Academic license - for non-commercial use only - expires 2027-09-12
Set parameter Username
Set parameter LicenseID to value 2863623
Academic license - for non-commercial use only - expires 2027-09-12
Set parameter Username
Set parameter LicenseID to value 2863623
Academic license - for non-commercial use only - expires 2027-09-12
Set parameter Username
Set parameter LicenseID to value 2863623
Academic license - for non-commercial use only - expires 2027-09-12
Set parameter Username
Set parameter LicenseID to value 2863623
Academic license - for non-commercial use only - expires 2027-09-12
Set parameter Username
Set parameter LicenseID to value 2863623
Academic license - for non-commercial use only - expires 2027-09-12
Set parameter Username
Set parameter LicenseID to value 2863623
Academic license - for non-commercial use only - expires 2027-09-12
Set parameter Username
Set parameter LicenseID to value 2863623
Academic license - for non-commercial use only - expires 2027-09-12
Set parameter Username
Set parameter LicenseID to value 2863623
Academic license - for non-commercial use only - expires 2027-09-12
Set parameter Username
Set parameter LicenseID to value 2863623
Academic license - for non-commercial use only - expires 2027-09-12
Set parameter Username
Set parameter LicenseID to value 2863623
Academic license - for non-commercial use only - expires 2027-09-12
Set parameter Username
Set parameter LicenseID to value 2863623
Academic license - for non-commercial use only - expires 2027-09-12
Set parameter Username
Set parameter LicenseID to value 2863623
Academic license - for non-commercial use only - expires 2027-09-12
Set parameter Username
Set parameter LicenseID to value 2863623
Academic license - for non-commercial use only - expires 2027-09-12
Set parameter Username
Set parameter LicenseID to value 2863623
Academic license - for non-commercial use only - expires 2027-09-12
Set parameter Username
Set parameter LicenseID to value 2863623
Academic license - for non-commercial use only - expires 2027-09-12
Set parameter Username
Set parameter LicenseID to value 2863623
Academic license - for non-commercial use only - expires 2027-09-12
Set parameter Username
Set parameter LicenseID to value 2863623
Academic license - for non-commercial use only - expires 2027-09-12
Set parameter Username
Set parameter LicenseID to value 2863623
Academic license - for non-commercial use only - expires 2027-09-12
Set parameter Username
Set parameter LicenseID to value 2863623
Academic license - for non-commercial use only - expires 2027-09-12
Set parameter Username
Set parameter LicenseID to value 2863623
Academic license - for non-commercial use only - expires 2027-09-12
Set parameter Username
Set parameter LicenseID to value 2863623
Academic license - for non-commercial use only - expires 2027-09-12
Set parameter Username
Set parameter LicenseID to value 2863623
Academic license - for non-commercial use only - expires 2027-09-12
Set parameter Username
Set parameter LicenseID to value 2863623
Academic license - for non-commercial use only - expires 2027-09-12
Set parameter Username
Set parameter LicenseID to value 2863623
Academic license - for non-commercial use only - expires 2027-09-12
Set parameter Username
Set parameter LicenseID to value 2863623
Academic license - for non-commercial use only - expires 2027-09-12
Set parameter Username
Set parameter LicenseID to value 2863623
Academic license - for non-commercial use only - expires 2027-09-12
Set parameter Username
Set parameter LicenseID to value 2863623
Academic license - for non-commercial use only - expires 2027-09-12
Set parameter Username
Set parameter LicenseID to value 2863623
Academic license - for non-commercial use only - expires 2027-09-12
Set parameter Username
Set parameter LicenseID to value 2863623
Academic license - for non-commercial use only - expires 2027-09-12
Set parameter Username
Set parameter LicenseID to value 2863623
Academic license - for non-commercial use only - expires 2027-09-12
Set parameter Username
Set parameter LicenseID to value 2863623
Academic license - for non-commercial use only - expires 2027-09-12
Set parameter Username
Set parameter LicenseID to value 2863623
Academic license - for non-commercial use only - expires 2027-09-12
Set parameter Username
Set parameter LicenseID to value 2863623
Academic license - for non-commercial use only - expires 2027-09-12
Set parameter Username
Set parameter LicenseID to value 2863623
Academic license - for non-commercial use only - expires 2027-09-12
Set parameter Username
Set parameter LicenseID to value 2863623
Academic license - for non-commercial use only - expires 2027-09-12
Set parameter Username
Set parameter LicenseID to value 2863623
Academic license - for non-commercial use only - expires 2027-09-12
Set parameter Username
Set parameter LicenseID to value 2863623
Academic license - for non-commercial use only - expires 2027-09-12
Set parameter Username
Set parameter LicenseID to value 2863623
Academic license - for non-commercial use only - expires 2027-09-12
Set parameter Username
Set parameter LicenseID to value 2863623
Academic license - for non-commercial use only - expires 2027-09-12
Set parameter Username
Set parameter LicenseID to value 2863623
Academic license - for non-commercial use only - expires 2027-09-12
Set parameter Username
Set parameter LicenseID to value 2863623
Academic license - for non-commercial use only - expires 2027-09-12
Set parameter Username
Set parameter LicenseID to value 2863623
Academic license - for non-commercial use only - expires 2027-09-12
Set parameter TimeLimit to value 300
Set parameter NonConvex to value 2
Set parameter MIPGap to value 0.0001
Set parameter LogFile to value "results\yspace_gurobi_30_as.log"
Set parameter NonConvex to value 2
Set parameter MIPGap to value 0.0001
Set parameter TimeLimit to value 300
Set parameter LogFile to value "results\yspace_gurobi_30_as.log"
Warning for adding constraints: zero or small (< 1e-13) coefficients, ignored
Gurobi Optimizer version 13.0.3 build v13.0.3rc0 (win64 - Windows 11+.0 (26200.2))

CPU model: Intel(R) Core(TM) Ultra 5 225H, instruction set [SSE2|AVX|AVX2]
Thread count: 14 physical cores, 14 logical processors, using up to 14 threads

Non-default parameters:
TimeLimit  300
NonConvex  2

Optimize a model with 27 rows, 115 columns and 1945 nonzeros (Max)
Model fingerprint: 0x27771930
Model has 0 linear objective coefficients
Model has 21 quadratic objective terms
Coefficient statistics:
  Matrix range     [2e-04, 3e+00]
  Objective range  [0e+00, 0e+00]
  QObjective range [2e+00, 2e+00]
  Bounds range     [4e-01, 1e+01]
  RHS range        [1e+00, 1e+00]


Continuous model is non-convex -- solving as a MIP


Presolve added 5 rows and 5 columns
Presolve time: 0.00s
Presolved: 54 rows, 143 columns, 1304 nonzeros
Presolved model has 21 bilinear constraint(s)
Variable types: 143 continuous, 0 integer (0 binary)
Found heuristic solution: objective 69.3152276

Root relaxation: objective 2.121644e+02, 87 iterations, 0.00 seconds (0.00 work units)

    Nodes    |    Current Node    |     Objective Bounds      |     Work
 Expl Unexpl |  Obj  Depth IntInf | Incumbent    BestBd   Gap | It/Node Time

     0     0  212.16441    0   20   69.31523  212.16441   206%     -    0s
H    0     0                      69.3152277  212.16441   206%     -    0s
     0     0  186.84360    0   17   69.31523  186.84360   170%     -    0s
     0     0  183.19225    0   18   69.31523  183.19225   164%     -    0s
     0     0  182.24465    0   18   69.31523  182.24465   163%     -    0s
     0     0  181.11699    0   18   69.31523  181.11699   161%     -    0s
     0     0  181.06848    0   18   69.31523  181.06848   161%     -    0s
     0     0  171.13877    0   18   69.31523  171.13877   147%     -    0s
     0     2  171.13877    0   18   69.31523  171.13877   147%     -    0s
*  642   449              18      69.3152279  117.04653  68.9%   0.9    0s
*  708   503              18      69.3152280  117.04653  68.9%   0.9    0s
*  718   503              18      69.3152281  117.04653  68.9%   0.9    0s
* 1623   881              18      69.3152281  108.97022  57.2%   0.8    0s
* 1791   955              18      69.3152287  106.52291  53.7%   0.8    0s
* 2124   967              18      69.3152288  106.21594  53.2%   0.7    0s
* 4930  1219              17      69.3152289   99.24005  43.2%   0.6    0s
*28590  3522              35      69.3152291   87.89819  26.8%   0.7    1s

Cutting planes:
  RLT: 10

Explored 62682 nodes (45238 simplex iterations) in 2.86 seconds (1.74 work units)
Thread count was 14 (of 14 available processors)

Solution count 1: 69.3152 

Optimal solution found (tolerance 1.00e-04)
Best objective 6.931522766194e+01, best bound 6.931522910785e+01, gap 0.0000%

User-callback calls 250, time in user-callback 0.00 sec
Set parameter Username
Set parameter LicenseID to value 2863623
Academic license - for non-commercial use only - expires 2027-09-12
Set parameter TimeLimit to value 300
Set parameter NonConvex to value 2
Set parameter MIPGap to value 0.0001
Set parameter LogFile to value "results\yspace_oldcompare_gurobi_30_as.log"
Set parameter NonConvex to value 2
Set parameter MIPGap to value 0.0001
Set parameter TimeLimit to value 300
Set parameter LogFile to value "results\yspace_oldcompare_gurobi_30_as.log"
Warning for adding constraints: zero or small (< 1e-13) coefficients, ignored
Gurobi Optimizer version 13.0.3 build v13.0.3rc0 (win64 - Windows 11+.0 (26200.2))

CPU model: Intel(R) Core(TM) Ultra 5 225H, instruction set [SSE2|AVX|AVX2]
Thread count: 14 physical cores, 14 logical processors, using up to 14 threads

Non-default parameters:
TimeLimit  300
NonConvex  2

Optimize a model with 6 rows, 94 columns and 468 nonzeros (Max)
Model fingerprint: 0x8cb5f625
Model has 0 linear objective coefficients
Model has 3228 quadratic objective terms
Coefficient statistics:
  Matrix range     [2e-04, 3e+00]
  Objective range  [0e+00, 0e+00]
  QObjective range [1e-03, 8e+01]
  Bounds range     [4e-01, 1e+01]
  RHS range        [1e+00, 1e+00]


Continuous model is non-convex -- solving as a MIP


Presolve time: 0.00s
Presolved: 6383 rows, 3324 columns, 16448 nonzeros
Presolved model has 3228 bilinear constraint(s)
Variable types: 3324 continuous, 0 integer (0 binary)
Found heuristic solution: objective 69.3152277

Root relaxation: objective 6.384713e+02, 2755 iterations, 0.14 seconds (0.09 work units)

    Nodes    |    Current Node    |     Objective Bounds      |     Work
 Expl Unexpl |  Obj  Depth IntInf | Incumbent    BestBd   Gap | It/Node Time

     0     0  638.47134    0   10   69.31523  638.47134   821%     -    0s
     0     0  263.36372    0  204   69.31523  263.36372   280%     -    0s
     0     0  245.68705    0  166   69.31523  245.68705   254%     -    0s
     0     0  245.60397    0  185   69.31523  245.60397   254%     -    0s
     0     0  239.36159    0  186   69.31523  239.36159   245%     -    0s
     0     0  160.24486    0  204   69.31523  160.24486   131%     -    0s
H    0     0                      69.3152277  160.06256   131%     -    0s
     0     0  160.06256    0  203   69.31523  160.06256   131%     -    0s
     0     0  156.87481    0  177   69.31523  156.87481   126%     -    0s
     0     0  156.86220    0  179   69.31523  156.86220   126%     -    0s
     0     0  148.93255    0  160   69.31523  148.93255   115%     -    0s
     0     0  148.88978    0  163   69.31523  148.88978   115%     -    0s
     0     0  148.51292    0  168   69.31523  148.51292   114%     -    0s
     0     0  148.50091    0  167   69.31523  148.50091   114%     -    0s
     0     0  139.97224    0   44   69.31523  139.97224   102%     -    0s
     0     0  139.97224    0   44   69.31523  139.97224   102%     -    0s
     0     0  139.94918    0   45   69.31523  139.94918   102%     -    1s
     0     0  139.77524    0   45   69.31523  139.77524   102%     -    1s
     0     0  133.08236    0   37   69.31523  133.08236  92.0%     -    1s
     0     0  132.30654    0   36   69.31523  132.30654  90.9%     -    1s
     0     0  130.42302    0   36   69.31523  130.42302  88.2%     -    1s
     0     0  130.42302    0   36   69.31523  130.42302  88.2%     -    1s
     0     0  130.42302    0   36   69.31523  130.42302  88.2%     -    1s
     0     2  130.42302    0   36   69.31523  130.42302  88.2%     -    1s

Cutting planes:
  RLT: 92
  BQP: 24

Explored 103 nodes (19872 simplex iterations) in 2.29 seconds (2.36 work units)
Thread count was 14 (of 14 available processors)

Solution count 1: 69.3152 

Optimal solution found (tolerance 1.00e-04)
Best objective 6.931522766194e+01, best bound 6.931522769349e+01, gap 0.0000%

User-callback calls 342, time in user-callback 0.00 sec
  Activating project at `C:\Documents\VS Code\DCAttack`
  0.000870 seconds (1.38 k allocations: 80.369 KiB)
531.3
22
mu-bound preprocessing time = 0.4610 s (94 LPs)
y-bound preprocessing time  = 0.0930 s (42 LPs)

--- y-space LP bounds L[k] <= (B'mu)[k] <= U[k] ---
k      L[k]             U[k]             U[k]-L[k]       
1      -0.60096154      0.71861556       1.3195771       
2      -0.60096154      0.80056699       1.4015285       
3      -1.8524835       2.5641026        4.416586        
4      -3.2530159       7.2294814        10.482497       
5      -0.68653864      0.65963061       1.3461692       
6      -1.6292621       2.5835054        4.2127675       
7      -3.0842934       2.247191         5.3314844       
8      -2.9551925       4.7304903        7.6856828       
9      -0.60096154      0.67059592       1.2715575       
10     -1.6750419       3.021148         4.6961899       
11     -1.5865175       3.4583695        5.0448869       
12     -1.9000558       3.4250234        5.3250791       
13     -2.5727959       6.5048301        9.077626        
14     -1.0433861       1.1968555        2.2402416       
15     -1.1571355       1.1113359        2.2684714       
16     -2.8409091       4.774393         7.6153021       
17     -1.5624812       3.1369249        4.6994061       
18     -5.1282051       8                13.128205       
19     -2.556638        2.441499         4.998137        
20     -2.1844914       4.3511974        6.5356888       
21     -0.69940782      0.65963061       1.3590384       

min_k L[k]        = -5.1282051
max_k U[k]        = 8
max_k (U[k]-L[k]) = 13.128205
avg_k (U[k]-L[k]) = 4.9741011

==============================================================================
Y-SPACE RESULT: pglib_opf_case30_as.m
==============================================================================
termination status = OPTIMAL
gamma_inc          = 69.315228
gamma_bd           = 69.315229
relative gap       = 2.08599e-08
node count         = 62682
solve runtime      = 2.8640 s
presolved rows/cols = 54 / 143
bilinear constraints (presolved) = 21
root relaxation obj = 212.1644
first incumbent found (approx) = 69.3152276
approx root gap = 2.0608627764211507
rho = 1/gamma      = 0.014426844
sqrt(rho)          = 0.1201118

--- equivalence / feasibility verification ---
max|A'mu*|              = 1.33519e-16
|c'mu* + 1|             = 1.11022e-16
min_i mu_i*             = 0
max_k |y_k* - (B'mu*)_k| = 0
sum_k (y_k*)^2          = 69.315228
(mu*)'BB'mu*            = 69.315228
difference               = 0

--- old (mu-space) replica re-solve, for root-bound comparison only ---
old replica status  = OPTIMAL
old root relax obj  = 638.4713
old gamma_inc/gamma_bd (replica) = 69.315228 / 69.315228

Saved: results\yspace_reduced_qp_30_as.txt
Appended: results\yspace_reduced_qp_summary.csv
Gurobi log (new):  results\yspace_gurobi_30_as.log
Gurobi log (old replica): results\yspace_oldcompare_gurobi_30_as.log
=== FINISHED 30_as ===
=== STARTING 57_ieee ===
==============================================================================
Y-SPACE EXPERIMENT -- Case: pglib_opf_case57_ieee.m  (key=57_ieee, time_limit=300.0s)
==============================================================================
[info | PowerModels]: removing 3 cost terms from generator 4: Float64[]
[info | PowerModels]: removing 1 cost terms from generator 1: [1696.0624, 0.0]
[info | PowerModels]: removing 1 cost terms from generator 5: [3044.1037, 0.0]
[info | PowerModels]: removing 3 cost terms from generator 2: Float64[]
[info | PowerModels]: removing 3 cost terms from generator 6: Float64[]
[info | PowerModels]: removing 1 cost terms from generator 7: [3718.8979000000004, 0.0]
[info | PowerModels]: removing 1 cost terms from generator 3: [3407.5557000000003, 0.0]
[info | PowerModels]: updated generator 4 cost function with order 0 to a function of order 3: [0.0, 0.0, 0.0]
[info | PowerModels]: updated generator 1 cost function with order 2 to a function of order 3: [0.0, 1696.0624, 0.0]
[info | PowerModels]: updated generator 5 cost function with order 2 to a function of order 3: [0.0, 3044.1037, 0.0]
[info | PowerModels]: updated generator 2 cost function with order 0 to a function of order 3: [0.0, 0.0, 0.0]
[info | PowerModels]: updated generator 6 cost function with order 0 to a function of order 3: [0.0, 0.0, 0.0]
[info | PowerModels]: updated generator 7 cost function with order 2 to a function of order 3: [0.0, 3718.8979000000004, 0.0]
[info | PowerModels]: updated generator 3 cost function with order 2 to a function of order 3: [0.0, 3407.5557000000003, 0.0]
Set parameter Username
Set parameter LicenseID to value 2863623
Academic license - for non-commercial use only - expires 2027-09-12
Gurobi Optimizer version 13.0.3 build v13.0.3rc0 (win64 - Windows 11+.0 (26200.2))

CPU model: Intel(R) Core(TM) Ultra 5 225H, instruction set [SSE2|AVX|AVX2]
Thread count: 14 physical cores, 14 logical processors, using up to 14 threads

Optimize a model with 216 rows, 222 columns and 642 nonzeros (Min)
Model fingerprint: 0x78f2d1c2
Model has 4 linear objective coefficients
Coefficient statistics:
  Matrix range     [7e-01, 5e+01]
  Objective range  [2e+03, 4e+03]
  Bounds range     [2e-01, 2e+01]
  RHS range        [2e-02, 4e+00]

Presolve removed 156 rows and 159 columns
Presolve time: 0.00s
Presolved: 60 rows, 63 columns, 273 nonzeros

Iteration    Objective       Primal Inf.    Dual Inf.      Time
       0      handle free variables                          0s
      27    3.4772948e+04   0.000000e+00   0.000000e+00      0s

Solved in 27 iterations and 0.01 seconds (0.00 work units)
Optimal objective  3.477294789e+04

User-callback calls 25, time in user-callback 0.00 sec
Set parameter Username
Set parameter LicenseID to value 2863623
Academic license - for non-commercial use only - expires 2027-09-12
Gurobi Optimizer version 13.0.3 build v13.0.3rc0 (win64 - Windows 11+.0 (26200.2))

CPU model: Intel(R) Core(TM) Ultra 5 225H, instruction set [SSE2|AVX|AVX2]
Thread count: 14 physical cores, 14 logical processors, using up to 14 threads

Optimize a model with 169 rows, 4 columns and 486 nonzeros (Min)
Model fingerprint: 0xb0c33178
Model has 4 linear objective coefficients
Coefficient statistics:
  Matrix range     [3e-05, 1e+00]
  Objective range  [2e+03, 4e+03]
  Bounds range     [0e+00, 0e+00]
  RHS range        [2e-01, 2e+01]

Presolve removed 169 rows and 4 columns
Presolve time: 0.00s
Presolve: All rows and columns removed
Iteration    Objective       Primal Inf.    Dual Inf.      Time
       0    3.4772948e+04   0.000000e+00   0.000000e+00      0s

Solved in 0 iterations and 0.00 seconds (0.00 work units)
Optimal objective  3.477294789e+04

User-callback calls 23, time in user-callback 0.00 sec
Set parameter Username
Set parameter LicenseID to value 2863623
Academic license - for non-commercial use only - expires 2027-09-12
Warning for adding constraints: zero or small (< 1e-13) coefficients, ignored
Gurobi Optimizer version 13.0.3 build v13.0.3rc0 (win64 - Windows 11+.0 (26200.2))

CPU model: Intel(R) Core(TM) Ultra 5 225H, instruction set [SSE2|AVX|AVX2]
Thread count: 14 physical cores, 14 logical processors, using up to 14 threads

Optimize a model with 168 rows, 3 columns and 486 nonzeros (Min)
Model fingerprint: 0xdc8bfd70
Model has 3 linear objective coefficients and an objective constant of 21214.3484992
Coefficient statistics:
  Matrix range     [3e-05, 1e+00]
  Objective range  [1e+03, 2e+03]
  Bounds range     [0e+00, 0e+00]
  RHS range        [2e-01, 2e+01]

Presolve removed 168 rows and 3 columns
Presolve time: 0.00s
Presolve: All rows and columns removed
Iteration    Objective       Primal Inf.    Dual Inf.      Time
       0    3.4772948e+04   0.000000e+00   0.000000e+00      0s

Solved in 0 iterations and 0.00 seconds (0.00 work units)
Optimal objective  3.477294789e+04

User-callback calls 23, time in user-callback 0.00 sec
Set parameter Username
Set parameter LicenseID to value 2863623
Academic license - for non-commercial use only - expires 2027-09-12
Set parameter Username
Set parameter LicenseID to value 2863623
Academic license - for non-commercial use only - expires 2027-09-12
Set parameter Username
Set parameter LicenseID to value 2863623
Academic license - for non-commercial use only - expires 2027-09-12
Set parameter Username
Set parameter LicenseID to value 2863623
Academic license - for non-commercial use only - expires 2027-09-12
Set parameter Username
Set parameter LicenseID to value 2863623
Academic license - for non-commercial use only - expires 2027-09-12
Set parameter Username
Set parameter LicenseID to value 2863623
Academic license - for non-commercial use only - expires 2027-09-12
Set parameter Username
Set parameter LicenseID to value 2863623
Academic license - for non-commercial use only - expires 2027-09-12
Set parameter Username
Set parameter LicenseID to value 2863623
Academic license - for non-commercial use only - expires 2027-09-12
Set parameter Username
Set parameter LicenseID to value 2863623
Academic license - for non-commercial use only - expires 2027-09-12
Set parameter Username
Set parameter LicenseID to value 2863623
Academic license - for non-commercial use only - expires 2027-09-12
Set parameter Username
Set parameter LicenseID to value 2863623
Academic license - for non-commercial use only - expires 2027-09-12
Set parameter Username
Set parameter LicenseID to value 2863623
Academic license - for non-commercial use only - expires 2027-09-12
Set parameter Username
Set parameter LicenseID to value 2863623
Academic license - for non-commercial use only - expires 2027-09-12
Set parameter Username
Set parameter LicenseID to value 2863623
Academic license - for non-commercial use only - expires 2027-09-12
Set parameter Username
Set parameter LicenseID to value 2863623
Academic license - for non-commercial use only - expires 2027-09-12
Set parameter Username
Set parameter LicenseID to value 2863623
Academic license - for non-commercial use only - expires 2027-09-12
Set parameter Username
Set parameter LicenseID to value 2863623
Academic license - for non-commercial use only - expires 2027-09-12
Set parameter Username
Set parameter LicenseID to value 2863623
Academic license - for non-commercial use only - expires 2027-09-12
Set parameter Username
Set parameter LicenseID to value 2863623
Academic license - for non-commercial use only - expires 2027-09-12
Set parameter Username
Set parameter LicenseID to value 2863623
Academic license - for non-commercial use only - expires 2027-09-12
Set parameter Username
Set parameter LicenseID to value 2863623
Academic license - for non-commercial use only - expires 2027-09-12
Set parameter Username
Set parameter LicenseID to value 2863623
Academic license - for non-commercial use only - expires 2027-09-12
Set parameter Username
Set parameter LicenseID to value 2863623
Academic license - for non-commercial use only - expires 2027-09-12
Set parameter Username
Set parameter LicenseID to value 2863623
Academic license - for non-commercial use only - expires 2027-09-12
Set parameter Username
Set parameter LicenseID to value 2863623
Academic license - for non-commercial use only - expires 2027-09-12
Set parameter Username
Set parameter LicenseID to value 2863623
Academic license - for non-commercial use only - expires 2027-09-12
Set parameter Username
Set parameter LicenseID to value 2863623
Academic license - for non-commercial use only - expires 2027-09-12
Set parameter Username
Set parameter LicenseID to value 2863623
Academic license - for non-commercial use only - expires 2027-09-12
Set parameter Username
Set parameter LicenseID to value 2863623
Academic license - for non-commercial use only - expires 2027-09-12
Set parameter Username
Set parameter LicenseID to value 2863623
Academic license - for non-commercial use only - expires 2027-09-12
Set parameter Username
Set parameter LicenseID to value 2863623
Academic license - for non-commercial use only - expires 2027-09-12
Set parameter Username
Set parameter LicenseID to value 2863623
Academic license - for non-commercial use only - expires 2027-09-12
Set parameter Username
Set parameter LicenseID to value 2863623
Academic license - for non-commercial use only - expires 2027-09-12
Set parameter Username
Set parameter LicenseID to value 2863623
Academic license - for non-commercial use only - expires 2027-09-12
Set parameter Username
Set parameter LicenseID to value 2863623
Academic license - for non-commercial use only - expires 2027-09-12
Set parameter Username
Set parameter LicenseID to value 2863623
Academic license - for non-commercial use only - expires 2027-09-12
Set parameter Username
Set parameter LicenseID to value 2863623
Academic license - for non-commercial use only - expires 2027-09-12
Set parameter Username
Set parameter LicenseID to value 2863623
Academic license - for non-commercial use only - expires 2027-09-12
Set parameter Username
Set parameter LicenseID to value 2863623
Academic license - for non-commercial use only - expires 2027-09-12
Set parameter Username
Set parameter LicenseID to value 2863623
Academic license - for non-commercial use only - expires 2027-09-12
Set parameter Username
Set parameter LicenseID to value 2863623
Academic license - for non-commercial use only - expires 2027-09-12
Set parameter Username
Set parameter LicenseID to value 2863623
Academic license - for non-commercial use only - expires 2027-09-12
Set parameter Username
Set parameter LicenseID to value 2863623
Academic license - for non-commercial use only - expires 2027-09-12
Set parameter Username
Set parameter LicenseID to value 2863623
Academic license - for non-commercial use only - expires 2027-09-12
Set parameter Username
Set parameter LicenseID to value 2863623
Academic license - for non-commercial use only - expires 2027-09-12
Set parameter Username
Set parameter LicenseID to value 2863623
Academic license - for non-commercial use only - expires 2027-09-12
Set parameter Username
Set parameter LicenseID to value 2863623
Academic license - for non-commercial use only - expires 2027-09-12
Set parameter Username
Set parameter LicenseID to value 2863623
Academic license - for non-commercial use only - expires 2027-09-12
Set parameter Username
Set parameter LicenseID to value 2863623
Academic license - for non-commercial use only - expires 2027-09-12
Set parameter Username
Set parameter LicenseID to value 2863623
Academic license - for non-commercial use only - expires 2027-09-12
Set parameter Username
Set parameter LicenseID to value 2863623
Academic license - for non-commercial use only - expires 2027-09-12
Set parameter Username
Set parameter LicenseID to value 2863623
Academic license - for non-commercial use only - expires 2027-09-12
Set parameter Username
Set parameter LicenseID to value 2863623
Academic license - for non-commercial use only - expires 2027-09-12
Set parameter Username
Set parameter LicenseID to value 2863623
Academic license - for non-commercial use only - expires 2027-09-12
Set parameter Username
Set parameter LicenseID to value 2863623
Academic license - for non-commercial use only - expires 2027-09-12
Set parameter Username
Set parameter LicenseID to value 2863623
Academic license - for non-commercial use only - expires 2027-09-12
Set parameter Username
Set parameter LicenseID to value 2863623
Academic license - for non-commercial use only - expires 2027-09-12
Set parameter Username
Set parameter LicenseID to value 2863623
Academic license - for non-commercial use only - expires 2027-09-12
Set parameter Username
Set parameter LicenseID to value 2863623
Academic license - for non-commercial use only - expires 2027-09-12
Set parameter Username
Set parameter LicenseID to value 2863623
Academic license - for non-commercial use only - expires 2027-09-12
Set parameter Username
Set parameter LicenseID to value 2863623
Academic license - for non-commercial use only - expires 2027-09-12
Set parameter Username
Set parameter LicenseID to value 2863623
Academic license - for non-commercial use only - expires 2027-09-12
Set parameter Username
Set parameter LicenseID to value 2863623
Academic license - for non-commercial use only - expires 2027-09-12
Set parameter Username
Set parameter LicenseID to value 2863623
Academic license - for non-commercial use only - expires 2027-09-12
Set parameter Username
Set parameter LicenseID to value 2863623
Academic license - for non-commercial use only - expires 2027-09-12
Set parameter Username
Set parameter LicenseID to value 2863623
Academic license - for non-commercial use only - expires 2027-09-12
Set parameter Username
Set parameter LicenseID to value 2863623
Academic license - for non-commercial use only - expires 2027-09-12
Set parameter Username
Set parameter LicenseID to value 2863623
Academic license - for non-commercial use only - expires 2027-09-12
Set parameter Username
Set parameter LicenseID to value 2863623
Academic license - for non-commercial use only - expires 2027-09-12
Set parameter Username
Set parameter LicenseID to value 2863623
Academic license - for non-commercial use only - expires 2027-09-12
Set parameter Username
Set parameter LicenseID to value 2863623
Academic license - for non-commercial use only - expires 2027-09-12
Set parameter Username
Set parameter LicenseID to value 2863623
Academic license - for non-commercial use only - expires 2027-09-12
Set parameter Username
Set parameter LicenseID to value 2863623
Academic license - for non-commercial use only - expires 2027-09-12
Set parameter Username
Set parameter LicenseID to value 2863623
Academic license - for non-commercial use only - expires 2027-09-12
Set parameter Username
Set parameter LicenseID to value 2863623
Academic license - for non-commercial use only - expires 2027-09-12
Set parameter Username
Set parameter LicenseID to value 2863623
Academic license - for non-commercial use only - expires 2027-09-12
Set parameter Username
Set parameter LicenseID to value 2863623
Academic license - for non-commercial use only - expires 2027-09-12
Set parameter Username
Set parameter LicenseID to value 2863623
Academic license - for non-commercial use only - expires 2027-09-12
Set parameter Username
Set parameter LicenseID to value 2863623
Academic license - for non-commercial use only - expires 2027-09-12
Set parameter Username
Set parameter LicenseID to value 2863623
Academic license - for non-commercial use only - expires 2027-09-12
Set parameter Username
Set parameter LicenseID to value 2863623
Academic license - for non-commercial use only - expires 2027-09-12
Set parameter Username
Set parameter LicenseID to value 2863623
Academic license - for non-commercial use only - expires 2027-09-12
Set parameter Username
Set parameter LicenseID to value 2863623
Academic license - for non-commercial use only - expires 2027-09-12
Set parameter Username
Set parameter LicenseID to value 2863623
Academic license - for non-commercial use only - expires 2027-09-12
Set parameter Username
Set parameter LicenseID to value 2863623
Academic license - for non-commercial use only - expires 2027-09-12
Set parameter Username
Set parameter LicenseID to value 2863623
Academic license - for non-commercial use only - expires 2027-09-12
Set parameter Username
Set parameter LicenseID to value 2863623
Academic license - for non-commercial use only - expires 2027-09-12
Set parameter Username
Set parameter LicenseID to value 2863623
Academic license - for non-commercial use only - expires 2027-09-12
Set parameter Username
Set parameter LicenseID to value 2863623
Academic license - for non-commercial use only - expires 2027-09-12
Set parameter Username
Set parameter LicenseID to value 2863623
Academic license - for non-commercial use only - expires 2027-09-12
Set parameter Username
Set parameter LicenseID to value 2863623
Academic license - for non-commercial use only - expires 2027-09-12
Set parameter Username
Set parameter LicenseID to value 2863623
Academic license - for non-commercial use only - expires 2027-09-12
Set parameter Username
Set parameter LicenseID to value 2863623
Academic license - for non-commercial use only - expires 2027-09-12
Set parameter Username
Set parameter LicenseID to value 2863623
Academic license - for non-commercial use only - expires 2027-09-12
Set parameter Username
Set parameter LicenseID to value 2863623
Academic license - for non-commercial use only - expires 2027-09-12
Set parameter Username
Set parameter LicenseID to value 2863623
Academic license - for non-commercial use only - expires 2027-09-12
Set parameter Username
Set parameter LicenseID to value 2863623
Academic license - for non-commercial use only - expires 2027-09-12
Set parameter Username
Set parameter LicenseID to value 2863623
Academic license - for non-commercial use only - expires 2027-09-12
Set parameter Username
Set parameter LicenseID to value 2863623
Academic license - for non-commercial use only - expires 2027-09-12
Set parameter Username
Set parameter LicenseID to value 2863623
Academic license - for non-commercial use only - expires 2027-09-12
Set parameter Username
Set parameter LicenseID to value 2863623
Academic license - for non-commercial use only - expires 2027-09-12
Set parameter Username
Set parameter LicenseID to value 2863623
Academic license - for non-commercial use only - expires 2027-09-12
Set parameter Username
Set parameter LicenseID to value 2863623
Academic license - for non-commercial use only - expires 2027-09-12
Set parameter Username
Set parameter LicenseID to value 2863623
Academic license - for non-commercial use only - expires 2027-09-12
Set parameter Username
Set parameter LicenseID to value 2863623
Academic license - for non-commercial use only - expires 2027-09-12
Set parameter Username
Set parameter LicenseID to value 2863623
Academic license - for non-commercial use only - expires 2027-09-12
Set parameter Username
Set parameter LicenseID to value 2863623
Academic license - for non-commercial use only - expires 2027-09-12
Set parameter Username
Set parameter LicenseID to value 2863623
Academic license - for non-commercial use only - expires 2027-09-12
Set parameter Username
Set parameter LicenseID to value 2863623
Academic license - for non-commercial use only - expires 2027-09-12
Set parameter Username
Set parameter LicenseID to value 2863623
Academic license - for non-commercial use only - expires 2027-09-12
Set parameter Username
Set parameter LicenseID to value 2863623
Academic license - for non-commercial use only - expires 2027-09-12
Set parameter Username
Set parameter LicenseID to value 2863623
Academic license - for non-commercial use only - expires 2027-09-12
Set parameter Username
Set parameter LicenseID to value 2863623
Academic license - for non-commercial use only - expires 2027-09-12
Set parameter Username
Set parameter LicenseID to value 2863623
Academic license - for non-commercial use only - expires 2027-09-12
Set parameter Username
Set parameter LicenseID to value 2863623
Academic license - for non-commercial use only - expires 2027-09-12
Set parameter Username
Set parameter LicenseID to value 2863623
Academic license - for non-commercial use only - expires 2027-09-12
Set parameter Username
Set parameter LicenseID to value 2863623
Academic license - for non-commercial use only - expires 2027-09-12
Set parameter Username
Set parameter LicenseID to value 2863623
Academic license - for non-commercial use only - expires 2027-09-12
Set parameter Username
Set parameter LicenseID to value 2863623
Academic license - for non-commercial use only - expires 2027-09-12
Set parameter Username
Set parameter LicenseID to value 2863623
Academic license - for non-commercial use only - expires 2027-09-12
Set parameter Username
Set parameter LicenseID to value 2863623
Academic license - for non-commercial use only - expires 2027-09-12
Set parameter Username
Set parameter LicenseID to value 2863623
Academic license - for non-commercial use only - expires 2027-09-12
Set parameter Username
Set parameter LicenseID to value 2863623
Academic license - for non-commercial use only - expires 2027-09-12
Set parameter Username
Set parameter LicenseID to value 2863623
Academic license - for non-commercial use only - expires 2027-09-12
Set parameter Username
Set parameter LicenseID to value 2863623
Academic license - for non-commercial use only - expires 2027-09-12
Set parameter Username
Set parameter LicenseID to value 2863623
Academic license - for non-commercial use only - expires 2027-09-12
Set parameter Username
Set parameter LicenseID to value 2863623
Academic license - for non-commercial use only - expires 2027-09-12
Set parameter Username
Set parameter LicenseID to value 2863623
Academic license - for non-commercial use only - expires 2027-09-12
Set parameter Username
Set parameter LicenseID to value 2863623
Academic license - for non-commercial use only - expires 2027-09-12
Set parameter Username
Set parameter LicenseID to value 2863623
Academic license - for non-commercial use only - expires 2027-09-12
Set parameter Username
Set parameter LicenseID to value 2863623
Academic license - for non-commercial use only - expires 2027-09-12
Set parameter Username
Set parameter LicenseID to value 2863623
Academic license - for non-commercial use only - expires 2027-09-12
Set parameter Username
Set parameter LicenseID to value 2863623
Academic license - for non-commercial use only - expires 2027-09-12
Set parameter Username
Set parameter LicenseID to value 2863623
Academic license - for non-commercial use only - expires 2027-09-12
Set parameter Username
Set parameter LicenseID to value 2863623
Academic license - for non-commercial use only - expires 2027-09-12
Set parameter Username
Set parameter LicenseID to value 2863623
Academic license - for non-commercial use only - expires 2027-09-12
Set parameter Username
Set parameter LicenseID to value 2863623
Academic license - for non-commercial use only - expires 2027-09-12
Set parameter Username
Set parameter LicenseID to value 2863623
Academic license - for non-commercial use only - expires 2027-09-12
Set parameter Username
Set parameter LicenseID to value 2863623
Academic license - for non-commercial use only - expires 2027-09-12
Set parameter Username
Set parameter LicenseID to value 2863623
Academic license - for non-commercial use only - expires 2027-09-12
Set parameter Username
Set parameter LicenseID to value 2863623
Academic license - for non-commercial use only - expires 2027-09-12
Set parameter Username
Set parameter LicenseID to value 2863623
Academic license - for non-commercial use only - expires 2027-09-12
Set parameter Username
Set parameter LicenseID to value 2863623
Academic license - for non-commercial use only - expires 2027-09-12
Set parameter Username
Set parameter LicenseID to value 2863623
Academic license - for non-commercial use only - expires 2027-09-12
Set parameter Username
Set parameter LicenseID to value 2863623
Academic license - for non-commercial use only - expires 2027-09-12
Set parameter Username
Set parameter LicenseID to value 2863623
Academic license - for non-commercial use only - expires 2027-09-12
Set parameter Username
Set parameter LicenseID to value 2863623
Academic license - for non-commercial use only - expires 2027-09-12
Set parameter Username
Set parameter LicenseID to value 2863623
Academic license - for non-commercial use only - expires 2027-09-12
Set parameter Username
Set parameter LicenseID to value 2863623
Academic license - for non-commercial use only - expires 2027-09-12
Set parameter Username
Set parameter LicenseID to value 2863623
Academic license - for non-commercial use only - expires 2027-09-12
Set parameter Username
Set parameter LicenseID to value 2863623
Academic license - for non-commercial use only - expires 2027-09-12
Set parameter Username
Set parameter LicenseID to value 2863623
Academic license - for non-commercial use only - expires 2027-09-12
Set parameter Username
Set parameter LicenseID to value 2863623
Academic license - for non-commercial use only - expires 2027-09-12
Set parameter Username
Set parameter LicenseID to value 2863623
Academic license - for non-commercial use only - expires 2027-09-12
Set parameter Username
Set parameter LicenseID to value 2863623
Academic license - for non-commercial use only - expires 2027-09-12
Set parameter Username
Set parameter LicenseID to value 2863623
Academic license - for non-commercial use only - expires 2027-09-12
Set parameter Username
Set parameter LicenseID to value 2863623
Academic license - for non-commercial use only - expires 2027-09-12
Set parameter Username
Set parameter LicenseID to value 2863623
Academic license - for non-commercial use only - expires 2027-09-12
Set parameter Username
Set parameter LicenseID to value 2863623
Academic license - for non-commercial use only - expires 2027-09-12
Set parameter Username
Set parameter LicenseID to value 2863623
Academic license - for non-commercial use only - expires 2027-09-12
Set parameter Username
Set parameter LicenseID to value 2863623
Academic license - for non-commercial use only - expires 2027-09-12
Set parameter Username
Set parameter LicenseID to value 2863623
Academic license - for non-commercial use only - expires 2027-09-12
Set parameter Username
Set parameter LicenseID to value 2863623
Academic license - for non-commercial use only - expires 2027-09-12
Set parameter Username
Set parameter LicenseID to value 2863623
Academic license - for non-commercial use only - expires 2027-09-12
Set parameter Username
Set parameter LicenseID to value 2863623
Academic license - for non-commercial use only - expires 2027-09-12
Set parameter Username
Set parameter LicenseID to value 2863623
Academic license - for non-commercial use only - expires 2027-09-12
Set parameter Username
Set parameter LicenseID to value 2863623
Academic license - for non-commercial use only - expires 2027-09-12
Set parameter Username
Set parameter LicenseID to value 2863623
Academic license - for non-commercial use only - expires 2027-09-12
Set parameter Username
Set parameter LicenseID to value 2863623
Academic license - for non-commercial use only - expires 2027-09-12
Set parameter Username
Set parameter LicenseID to value 2863623
Academic license - for non-commercial use only - expires 2027-09-12
Set parameter TimeLimit to value 300
Set parameter NonConvex to value 2
Set parameter MIPGap to value 0.0001
Set parameter LogFile to value "results\yspace_gurobi_57_ieee.log"
Set parameter NonConvex to value 2
Set parameter MIPGap to value 0.0001
Set parameter TimeLimit to value 300
Set parameter LogFile to value "results\yspace_gurobi_57_ieee.log"
Warning for adding constraints: zero or small (< 1e-13) coefficients, ignored
Gurobi Optimizer version 13.0.3 build v13.0.3rc0 (win64 - Windows 11+.0 (26200.2))

CPU model: Intel(R) Core(TM) Ultra 5 225H, instruction set [SSE2|AVX|AVX2]
Thread count: 14 physical cores, 14 logical processors, using up to 14 threads

Non-default parameters:
TimeLimit  300
NonConvex  2

Optimize a model with 46 rows, 210 columns and 7257 nonzeros (Max)
Model fingerprint: 0x0da72275
Model has 0 linear objective coefficients
Model has 42 quadratic objective terms
Coefficient statistics:
  Matrix range     [1e-05, 2e+01]
  Objective range  [0e+00, 0e+00]
  QObjective range [2e+00, 2e+00]
  Bounds range     [6e-02, 6e+00]
  RHS range        [1e+00, 1e+00]


Continuous model is non-convex -- solving as a MIP


Presolve added 9 rows and 9 columns
Presolve time: 0.03s
Presolved: 98 rows, 263 columns, 4676 nonzeros
Presolved model has 42 bilinear constraint(s)
Variable types: 263 continuous, 0 integer (0 binary)
Found heuristic solution: objective 18.2739227

Root relaxation: objective 3.649729e+01, 106 iterations, 0.00 seconds (0.00 work units)

    Nodes    |    Current Node    |     Objective Bounds      |     Work
 Expl Unexpl |  Obj  Depth IntInf | Incumbent    BestBd   Gap | It/Node Time

     0     0   36.49729    0   41   18.27392   36.49729   100%     -    0s
     0     0   34.69471    0   38   18.27392   34.69471  89.9%     -    0s
H    0     0                      18.2739228   34.69471  89.9%     -    0s
     0     0   31.88875    0   37   18.27392   31.88875  74.5%     -    0s
     0     0   31.87592    0   38   18.27392   31.87592  74.4%     -    0s
     0     0   31.87592    0   37   18.27392   31.87592  74.4%     -    0s
     0     0   31.87592    0   38   18.27392   31.87592  74.4%     -    0s
     0     0   31.87592    0   37   18.27392   31.87592  74.4%     -    0s
     0     0   29.58817    0   40   18.27392   29.58817  61.9%     -    0s
     0     0   29.57517    0   40   18.27392   29.57517  61.8%     -    0s
     0     0   29.57517    0   40   18.27392   29.57517  61.8%     -    0s
     0     0   28.52167    0   40   18.27392   28.52167  56.1%     -    0s
     0     0   28.49021    0   40   18.27392   28.49021  55.9%     -    0s
     0     0   27.25817    0   40   18.27392   27.25817  49.2%     -    0s
     0     0   27.24764    0   40   18.27392   27.24764  49.1%     -    0s
     0     0   27.24764    0   40   18.27392   27.24764  49.1%     -    0s
     0     2   27.24764    0   40   18.27392   27.24764  49.1%     -    0s

Cutting planes:
  RLT: 24

Explored 657 nodes (1454 simplex iterations) in 0.42 seconds (0.21 work units)
Thread count was 14 (of 14 available processors)

Solution count 1: 18.2739 

Optimal solution found (tolerance 1.00e-04)
Best objective 1.827392276537e+01, best bound 1.827392276537e+01, gap 0.0000%

User-callback calls 106, time in user-callback 0.00 sec
Set parameter Username
Set parameter LicenseID to value 2863623
Academic license - for non-commercial use only - expires 2027-09-12
Set parameter TimeLimit to value 300
Set parameter NonConvex to value 2
Set parameter MIPGap to value 0.0001
Set parameter LogFile to value "results\yspace_oldcompare_gurobi_57_ieee.log"
Set parameter NonConvex to value 2
Set parameter MIPGap to value 0.0001
Set parameter TimeLimit to value 300
Set parameter LogFile to value "results\yspace_oldcompare_gurobi_57_ieee.log"
Warning for adding constraints: zero or small (< 1e-13) coefficients, ignored
Gurobi Optimizer version 13.0.3 build v13.0.3rc0 (win64 - Windows 11+.0 (26200.2))

CPU model: Intel(R) Core(TM) Ultra 5 225H, instruction set [SSE2|AVX|AVX2]
Thread count: 14 physical cores, 14 logical processors, using up to 14 threads

Non-default parameters:
TimeLimit  300
NonConvex  2

Optimize a model with 4 rows, 168 columns and 651 nonzeros (Max)
Model fingerprint: 0xfab8961a
Model has 0 linear objective coefficients
Model has 13203 quadratic objective terms
Coefficient statistics:
  Matrix range     [3e-05, 2e+01]
  Objective range  [0e+00, 0e+00]
  QObjective range [8e-04, 2e+02]
  Bounds range     [6e-02, 6e+00]
  RHS range        [1e+00, 1e+00]


Continuous model is non-convex -- solving as a MIP


Presolve time: 0.03s
Presolved: 26249 rows, 13373 columns, 66343 nonzeros
Presolved model has 13203 bilinear constraint(s)
Variable types: 13373 continuous, 0 integer (0 binary)
Found heuristic solution: objective 18.2739228

Root relaxation: objective 4.057930e+01, 7727 iterations, 0.30 seconds (0.16 work units)

    Nodes    |    Current Node    |     Objective Bounds      |     Work
 Expl Unexpl |  Obj  Depth IntInf | Incumbent    BestBd   Gap | It/Node Time

     0     0   40.57930    0   10   18.27392   40.57930   122%     -    0s
     0     0   40.57930    0   10   18.27392   40.57930   122%     -    0s
     0     0   39.66242    0   15   18.27392   39.66242   117%     -    1s
     0     0   37.66772    0   15   18.27392   37.66772   106%     -    1s
     0     0   36.83171    0   15   18.27392   36.83171   102%     -    2s
     0     0   36.42399    0   15   18.27392   36.42399  99.3%     -    2s
     0     0   35.87973    0   15   18.27392   35.87973  96.3%     -    2s
     0     0   35.87973    0   15   18.27392   35.87973  96.3%     -    2s
     0     0   35.87973    0   15   18.27392   35.87973  96.3%     -    2s
     0     2   35.87973    0   15   18.27392   35.87973  96.3%     -    3s

Cutting planes:
  RLT: 16

Explored 33 nodes (8383 simplex iterations) in 4.93 seconds (1.75 work units)
Thread count was 14 (of 14 available processors)

Solution count 1: 18.2739 

Optimal solution found (tolerance 1.00e-04)
Best objective 1.827392259693e+01, best bound 1.827539226647e+01, gap 0.0080%

User-callback calls 205, time in user-callback 0.00 sec
  Activating project at `C:\Documents\VS Code\DCAttack`
  0.002502 seconds (2.30 k allocations: 133.468 KiB)
34772.9478946
3
mu-bound preprocessing time = 1.6987 s (168 LPs)
y-bound preprocessing time  = 0.2801 s (84 LPs)

--- y-space LP bounds L[k] <= (B'mu)[k] <= U[k] ---
k      L[k]             U[k]             U[k]-L[k]       
1      -1.2202845       1.6985248        2.9188093       
2      -0.16463515      0.29483766       0.45947282      
3      -0.11045601      0.15041546       0.26087147      
4      -0.079948833     0.14739595       0.22734478      
5      -0.669468        1.1500054        1.8194734       
6      -0.29241753      0.31127604       0.60369357      
7      -0.16108925      0.20607213       0.36716138      
8      -0.11028063      0.15949863       0.26977925      
9      -0.092870167     0.13657471       0.22944487      
10     -1.7713995       2.6272974        4.3986969       
11     -1.126429        2.0838477        3.2102767       
12     -0.15347369      0.21580703       0.36928073      
13     -0.079948833     0.1547052        0.23465403      
14     -0.30395137      0.39080592       0.69475729      
15     -0.18656716      0.22222222       0.40878939      
16     -1.0021065       1.0773753        2.0794819       
17     -0.128396        0.32727695       0.45567295      
18     -0.58358921      0.98980866       1.5733979       
19     -0.38854607      0.3688576        0.75740367      
20     -0.40371982      0.47561382       0.87933363      
21     -0.11133624      0.15117377       0.26251001      
22     -0.12526476      0.1681236        0.29338837      
23     -1.3559554       1.7272001        3.0831555       
24     -1.4086813       1.7549266        3.1636078       
25     -0.21406329      0.26041667       0.47447996      
26     -0.56310744      0.6540828        1.2171902       
27     -0.33973694      0.38691151       0.72664846      
28     -0.19271536      0.22207774       0.4147931       
29     -0.40669114      0.57287485       0.97956599      
30     -0.098313375     0.19718853       0.29550191      
31     -0.2234561       0.34206766       0.56552376      
32     -0.20157423      0.28640257       0.4879768       
33     -0.20017401      0.26208999       0.462264        
34     -1.7713995       2.6272974        4.3986969       
35     -1.5799195       1.6706535        3.2505731       
36     -0.079948833     0.16350376       0.24345259      
37     -1.2303596       2.2751746        3.5055343       
38     -0.47753174      0.67297928       1.150511        
39     -0.086631637     0.16887613       0.25550777      
40     -0.13067265      0.18884557       0.31951822      
41     -0.71681122      0.96140663       1.6782178       
42     -0.084739439     0.18796072       0.27270016      

min_k L[k]        = -1.7713995
max_k U[k]        = 2.6272974
max_k (U[k]-L[k]) = 4.3986969
avg_k (U[k]-L[k]) = 1.1837884

==============================================================================
Y-SPACE RESULT: pglib_opf_case57_ieee.m
==============================================================================
termination status = OPTIMAL
gamma_inc          = 18.273923
gamma_bd           = 18.273923
relative gap       = 1.94414e-15
node count         = 657
solve runtime      = 0.4200 s
presolved rows/cols = 98 / 263
bilinear constraints (presolved) = 42
root relaxation obj = 36.49729
first incumbent found (approx) = 18.2739227
approx root gap = 0.9972334675575705
rho = 1/gamma      = 0.054722788
sqrt(rho)          = 0.23392902

--- equivalence / feasibility verification ---
max|A'mu*|              = 6.3274e-16
|c'mu* + 1|             = 3.9968e-15
min_i mu_i*             = 0
max_k |y_k* - (B'mu*)_k| = 7.54952e-15
sum_k (y_k*)^2          = 18.273923
(mu*)'BB'mu*            = 18.273923
difference               = 3.90799e-14

--- old (mu-space) replica re-solve, for root-bound comparison only ---
old replica status  = OPTIMAL
old root relax obj  = 40.5793
old gamma_inc/gamma_bd (replica) = 18.273923 / 18.275392

Saved: results\yspace_reduced_qp_57_ieee.txt
Appended: results\yspace_reduced_qp_summary.csv
Gurobi log (new):  results\yspace_gurobi_57_ieee.log
Gurobi log (old replica): results\yspace_oldcompare_gurobi_57_ieee.log
=== FINISHED 57_ieee ===
=== STARTING 60_c ===
==============================================================================
Y-SPACE EXPERIMENT -- Case: pglib_opf_case60_c.m  (key=60_c, time_limit=300.0s)
==============================================================================
[info | PowerModels]: removing 1 cost terms from generator 4: [3000.0, 0.0]
[info | PowerModels]: removing 1 cost terms from generator 1: [1000.0, 0.0]
[info | PowerModels]: removing 1 cost terms from generator 12: [1000.0, 0.0]
[info | PowerModels]: removing 1 cost terms from generator 20: [2000.0, 0.0]
[info | PowerModels]: removing 1 cost terms from generator 2: [2000.0, 0.0]
[info | PowerModels]: removing 1 cost terms from generator 6: [2000.0, 0.0]
[info | PowerModels]: removing 1 cost terms from generator 23: [1000.0, 0.0]
[info | PowerModels]: removing 1 cost terms from generator 22: [3000.0, 0.0]
[info | PowerModels]: removing 1 cost terms from generator 11: [2000.0, 0.0]
[info | PowerModels]: removing 1 cost terms from generator 13: [3000.0, 0.0]
[info | PowerModels]: removing 1 cost terms from generator 5: [1000.0, 0.0]
[info | PowerModels]: removing 1 cost terms from generator 15: [2000.0, 0.0]
[info | PowerModels]: removing 1 cost terms from generator 16: [1000.0, 0.0]
[info | PowerModels]: removing 1 cost terms from generator 14: [1000.0, 0.0]
[info | PowerModels]: removing 1 cost terms from generator 21: [1000.0, 0.0]
[info | PowerModels]: removing 1 cost terms from generator 7: [1000.0, 0.0]
[info | PowerModels]: removing 1 cost terms from generator 8: [3000.0, 0.0]
[info | PowerModels]: removing 1 cost terms from generator 17: [1000.0, 0.0]
[info | PowerModels]: removing 1 cost terms from generator 10: [1000.0, 0.0]
[info | PowerModels]: removing 1 cost terms from generator 19: [1000.0, 0.0]
[info | PowerModels]: removing 1 cost terms from generator 9: [1000.0, 0.0]
[info | PowerModels]: removing 1 cost terms from generator 18: [3000.0, 0.0]
[info | PowerModels]: removing 1 cost terms from generator 3: [1000.0, 0.0]
[info | PowerModels]: updated generator 4 cost function with order 2 to a function of order 3: [0.0, 3000.0, 0.0]
[info | PowerModels]: updated generator 1 cost function with order 2 to a function of order 3: [0.0, 1000.0, 0.0]
[info | PowerModels]: updated generator 12 cost function with order 2 to a function of order 3: [0.0, 1000.0, 0.0]
[info | PowerModels]: updated generator 20 cost function with order 2 to a function of order 3: [0.0, 2000.0, 0.0]
[info | PowerModels]: updated generator 2 cost function with order 2 to a function of order 3: [0.0, 2000.0, 0.0]
[info | PowerModels]: updated generator 6 cost function with order 2 to a function of order 3: [0.0, 2000.0, 0.0]
[info | PowerModels]: updated generator 23 cost function with order 2 to a function of order 3: [0.0, 1000.0, 0.0]
[info | PowerModels]: updated generator 22 cost function with order 2 to a function of order 3: [0.0, 3000.0, 0.0]
[info | PowerModels]: updated generator 11 cost function with order 2 to a function of order 3: [0.0, 2000.0, 0.0]
[info | PowerModels]: updated generator 13 cost function with order 2 to a function of order 3: [0.0, 3000.0, 0.0]
[info | PowerModels]: updated generator 5 cost function with order 2 to a function of order 3: [0.0, 1000.0, 0.0]
[info | PowerModels]: updated generator 15 cost function with order 2 to a function of order 3: [0.0, 2000.0, 0.0]
[info | PowerModels]: updated generator 16 cost function with order 2 to a function of order 3: [0.0, 1000.0, 0.0]
[info | PowerModels]: updated generator 14 cost function with order 2 to a function of order 3: [0.0, 1000.0, 0.0]
[info | PowerModels]: updated generator 21 cost function with order 2 to a function of order 3: [0.0, 1000.0, 0.0]
[info | PowerModels]: updated generator 7 cost function with order 2 to a function of order 3: [0.0, 1000.0, 0.0]
[info | PowerModels]: updated generator 8 cost function with order 2 to a function of order 3: [0.0, 3000.0, 0.0]
[info | PowerModels]: updated generator 17 cost function with order 2 to a function of order 3: [0.0, 1000.0, 0.0]
[info | PowerModels]: updated generator 10 cost function with order 2 to a function of order 3: [0.0, 1000.0, 0.0]
[info | PowerModels]: updated generator 19 cost function with order 2 to a function of order 3: [0.0, 1000.0, 0.0]
[info | PowerModels]: updated generator 9 cost function with order 2 to a function of order 3: [0.0, 1000.0, 0.0]
[info | PowerModels]: updated generator 18 cost function with order 2 to a function of order 3: [0.0, 3000.0, 0.0]
[info | PowerModels]: updated generator 3 cost function with order 2 to a function of order 3: [0.0, 1000.0, 0.0]
Set parameter Username
Set parameter LicenseID to value 2863623
Academic license - for non-commercial use only - expires 2027-09-12
Gurobi Optimizer version 13.0.3 build v13.0.3rc0 (win64 - Windows 11+.0 (26200.2))

CPU model: Intel(R) Core(TM) Ultra 5 225H, instruction set [SSE2|AVX|AVX2]
Thread count: 14 physical cores, 14 logical processors, using up to 14 threads

Optimize a model with 221 rows, 243 columns and 680 nonzeros (Min)
Model fingerprint: 0xe0fe2ffb
Model has 23 linear objective coefficients
Coefficient statistics:
  Matrix range     [1e+00, 3e+02]
  Objective range  [1e+03, 3e+03]
  Bounds range     [1e-01, 5e+01]
  RHS range        [7e-01, 2e+01]

Presolve removed 184 rows and 186 columns
Presolve time: 0.00s
Presolved: 37 rows, 57 columns, 169 nonzeros

Iteration    Objective       Primal Inf.    Dual Inf.      Time
       0    2.7241980e+03   1.392851e+02   0.000000e+00      0s
      28    9.0700000e+04   0.000000e+00   0.000000e+00      0s

Solved in 28 iterations and 0.00 seconds (0.00 work units)
Optimal objective  9.070000000e+04

User-callback calls 25, time in user-callback 0.00 sec
Set parameter Username
Set parameter LicenseID to value 2863623
Academic license - for non-commercial use only - expires 2027-09-12
Gurobi Optimizer version 13.0.3 build v13.0.3rc0 (win64 - Windows 11+.0 (26200.2))

CPU model: Intel(R) Core(TM) Ultra 5 225H, instruction set [SSE2|AVX|AVX2]
Thread count: 14 physical cores, 14 logical processors, using up to 14 threads

Optimize a model with 221 rows, 22 columns and 2312 nonzeros (Min)
Model fingerprint: 0xff3ba6e6
Model has 22 linear objective coefficients
Coefficient statistics:
  Matrix range     [4e-05, 1e+00]
  Objective range  [1e+03, 3e+03]
  Bounds range     [0e+00, 0e+00]
  RHS range        [1e-01, 1e+02]

Presolve removed 194 rows and 1 columns
Presolve time: 0.00s
Presolved: 27 rows, 30 columns, 525 nonzeros

Iteration    Objective       Primal Inf.    Dual Inf.      Time
       0   -3.1438492e+07   1.322095e+04   0.000000e+00      0s
       6    9.0700000e+04   0.000000e+00   0.000000e+00      0s

Solved in 6 iterations and 0.00 seconds (0.00 work units)
Optimal objective  9.070000000e+04

User-callback calls 25, time in user-callback 0.00 sec
Set parameter Username
Set parameter LicenseID to value 2863623
Academic license - for non-commercial use only - expires 2027-09-12
Warning for adding constraints: zero or small (< 1e-13) coefficients, ignored
Gurobi Optimizer version 13.0.3 build v13.0.3rc0 (win64 - Windows 11+.0 (26200.2))

CPU model: Intel(R) Core(TM) Ultra 5 225H, instruction set [SSE2|AVX|AVX2]
Thread count: 14 physical cores, 14 logical processors, using up to 14 threads

Optimize a model with 220 rows, 21 columns and 2330 nonzeros (Min)
Model fingerprint: 0x7812855b
Model has 18 linear objective coefficients and an objective constant of 268200
Coefficient statistics:
  Matrix range     [4e-05, 1e+00]
  Objective range  [1e+03, 2e+03]
  Bounds range     [0e+00, 0e+00]
  RHS range        [1e-01, 1e+02]

Presolve removed 194 rows and 1 columns
Presolve time: 0.00s
Presolved: 26 rows, 29 columns, 504 nonzeros

Iteration    Objective       Primal Inf.    Dual Inf.      Time
       0    6.9934000e+04   1.454753e+01   0.000000e+00      0s
       9    9.0700000e+04   0.000000e+00   0.000000e+00      0s

Solved in 9 iterations and 0.00 seconds (0.00 work units)
Optimal objective  9.070000000e+04

User-callback calls 26, time in user-callback 0.00 sec
Set parameter Username
Set parameter LicenseID to value 2863623
Academic license - for non-commercial use only - expires 2027-09-12
Set parameter Username
Set parameter LicenseID to value 2863623
Academic license - for non-commercial use only - expires 2027-09-12
Set parameter Username
Set parameter LicenseID to value 2863623
Academic license - for non-commercial use only - expires 2027-09-12
Set parameter Username
Set parameter LicenseID to value 2863623
Academic license - for non-commercial use only - expires 2027-09-12
Set parameter Username
Set parameter LicenseID to value 2863623
Academic license - for non-commercial use only - expires 2027-09-12
Set parameter Username
Set parameter LicenseID to value 2863623
Academic license - for non-commercial use only - expires 2027-09-12
Set parameter Username
Set parameter LicenseID to value 2863623
Academic license - for non-commercial use only - expires 2027-09-12
Set parameter Username
Set parameter LicenseID to value 2863623
Academic license - for non-commercial use only - expires 2027-09-12
Set parameter Username
Set parameter LicenseID to value 2863623
Academic license - for non-commercial use only - expires 2027-09-12
Set parameter Username
Set parameter LicenseID to value 2863623
Academic license - for non-commercial use only - expires 2027-09-12
Set parameter Username
Set parameter LicenseID to value 2863623
Academic license - for non-commercial use only - expires 2027-09-12
Set parameter Username
Set parameter LicenseID to value 2863623
Academic license - for non-commercial use only - expires 2027-09-12
Set parameter Username
Set parameter LicenseID to value 2863623
Academic license - for non-commercial use only - expires 2027-09-12
Set parameter Username
Set parameter LicenseID to value 2863623
Academic license - for non-commercial use only - expires 2027-09-12
Set parameter Username
Set parameter LicenseID to value 2863623
Academic license - for non-commercial use only - expires 2027-09-12
Set parameter Username
Set parameter LicenseID to value 2863623
Academic license - for non-commercial use only - expires 2027-09-12
Set parameter Username
Set parameter LicenseID to value 2863623
Academic license - for non-commercial use only - expires 2027-09-12
Set parameter Username
Set parameter LicenseID to value 2863623
Academic license - for non-commercial use only - expires 2027-09-12
Set parameter Username
Set parameter LicenseID to value 2863623
Academic license - for non-commercial use only - expires 2027-09-12
Set parameter Username
Set parameter LicenseID to value 2863623
Academic license - for non-commercial use only - expires 2027-09-12
Set parameter Username
Set parameter LicenseID to value 2863623
Academic license - for non-commercial use only - expires 2027-09-12
Set parameter Username
Set parameter LicenseID to value 2863623
Academic license - for non-commercial use only - expires 2027-09-12
Set parameter Username
Set parameter LicenseID to value 2863623
Academic license - for non-commercial use only - expires 2027-09-12
Set parameter Username
Set parameter LicenseID to value 2863623
Academic license - for non-commercial use only - expires 2027-09-12
Set parameter Username
Set parameter LicenseID to value 2863623
Academic license - for non-commercial use only - expires 2027-09-12
Set parameter Username
Set parameter LicenseID to value 2863623
Academic license - for non-commercial use only - expires 2027-09-12
Set parameter Username
Set parameter LicenseID to value 2863623
Academic license - for non-commercial use only - expires 2027-09-12
Set parameter Username
Set parameter LicenseID to value 2863623
Academic license - for non-commercial use only - expires 2027-09-12
Set parameter Username
Set parameter LicenseID to value 2863623
Academic license - for non-commercial use only - expires 2027-09-12
Set parameter Username
Set parameter LicenseID to value 2863623
Academic license - for non-commercial use only - expires 2027-09-12
Set parameter Username
Set parameter LicenseID to value 2863623
Academic license - for non-commercial use only - expires 2027-09-12
Set parameter Username
Set parameter LicenseID to value 2863623
Academic license - for non-commercial use only - expires 2027-09-12
Set parameter Username
Set parameter LicenseID to value 2863623
Academic license - for non-commercial use only - expires 2027-09-12
Set parameter Username
Set parameter LicenseID to value 2863623
Academic license - for non-commercial use only - expires 2027-09-12
Set parameter Username
Set parameter LicenseID to value 2863623
Academic license - for non-commercial use only - expires 2027-09-12
Set parameter Username
Set parameter LicenseID to value 2863623
Academic license - for non-commercial use only - expires 2027-09-12
Set parameter Username
Set parameter LicenseID to value 2863623
Academic license - for non-commercial use only - expires 2027-09-12
Set parameter Username
Set parameter LicenseID to value 2863623
Academic license - for non-commercial use only - expires 2027-09-12
Set parameter Username
Set parameter LicenseID to value 2863623
Academic license - for non-commercial use only - expires 2027-09-12
Set parameter Username
Set parameter LicenseID to value 2863623
Academic license - for non-commercial use only - expires 2027-09-12
Set parameter Username
Set parameter LicenseID to value 2863623
Academic license - for non-commercial use only - expires 2027-09-12
Set parameter Username
Set parameter LicenseID to value 2863623
Academic license - for non-commercial use only - expires 2027-09-12
Set parameter Username
Set parameter LicenseID to value 2863623
Academic license - for non-commercial use only - expires 2027-09-12
Set parameter Username
Set parameter LicenseID to value 2863623
Academic license - for non-commercial use only - expires 2027-09-12
Set parameter Username
Set parameter LicenseID to value 2863623
Academic license - for non-commercial use only - expires 2027-09-12
Set parameter Username
Set parameter LicenseID to value 2863623
Academic license - for non-commercial use only - expires 2027-09-12
Set parameter Username
Set parameter LicenseID to value 2863623
Academic license - for non-commercial use only - expires 2027-09-12
Set parameter Username
Set parameter LicenseID to value 2863623
Academic license - for non-commercial use only - expires 2027-09-12
Set parameter Username
Set parameter LicenseID to value 2863623
Academic license - for non-commercial use only - expires 2027-09-12
Set parameter Username
Set parameter LicenseID to value 2863623
Academic license - for non-commercial use only - expires 2027-09-12
Set parameter Username
Set parameter LicenseID to value 2863623
Academic license - for non-commercial use only - expires 2027-09-12
Set parameter Username
Set parameter LicenseID to value 2863623
Academic license - for non-commercial use only - expires 2027-09-12
Set parameter Username
Set parameter LicenseID to value 2863623
Academic license - for non-commercial use only - expires 2027-09-12
Set parameter Username
Set parameter LicenseID to value 2863623
Academic license - for non-commercial use only - expires 2027-09-12
Set parameter Username
Set parameter LicenseID to value 2863623
Academic license - for non-commercial use only - expires 2027-09-12
Set parameter Username
Set parameter LicenseID to value 2863623
Academic license - for non-commercial use only - expires 2027-09-12
Set parameter Username
Set parameter LicenseID to value 2863623
Academic license - for non-commercial use only - expires 2027-09-12
Set parameter Username
Set parameter LicenseID to value 2863623
Academic license - for non-commercial use only - expires 2027-09-12
Set parameter Username
Set parameter LicenseID to value 2863623
Academic license - for non-commercial use only - expires 2027-09-12
Set parameter Username
Set parameter LicenseID to value 2863623
Academic license - for non-commercial use only - expires 2027-09-12
Set parameter Username
Set parameter LicenseID to value 2863623
Academic license - for non-commercial use only - expires 2027-09-12
Set parameter Username
Set parameter LicenseID to value 2863623
Academic license - for non-commercial use only - expires 2027-09-12
Set parameter Username
Set parameter LicenseID to value 2863623
Academic license - for non-commercial use only - expires 2027-09-12
Set parameter Username
Set parameter LicenseID to value 2863623
Academic license - for non-commercial use only - expires 2027-09-12
Set parameter Username
Set parameter LicenseID to value 2863623
Academic license - for non-commercial use only - expires 2027-09-12
Set parameter Username
Set parameter LicenseID to value 2863623
Academic license - for non-commercial use only - expires 2027-09-12
Set parameter Username
Set parameter LicenseID to value 2863623
Academic license - for non-commercial use only - expires 2027-09-12
Set parameter Username
Set parameter LicenseID to value 2863623
Academic license - for non-commercial use only - expires 2027-09-12
Set parameter Username
Set parameter LicenseID to value 2863623
Academic license - for non-commercial use only - expires 2027-09-12
Set parameter Username
Set parameter LicenseID to value 2863623
Academic license - for non-commercial use only - expires 2027-09-12
Set parameter Username
Set parameter LicenseID to value 2863623
Academic license - for non-commercial use only - expires 2027-09-12
Set parameter Username
Set parameter LicenseID to value 2863623
Academic license - for non-commercial use only - expires 2027-09-12
Set parameter Username
Set parameter LicenseID to value 2863623
Academic license - for non-commercial use only - expires 2027-09-12
Set parameter Username
Set parameter LicenseID to value 2863623
Academic license - for non-commercial use only - expires 2027-09-12
Set parameter Username
Set parameter LicenseID to value 2863623
Academic license - for non-commercial use only - expires 2027-09-12
Set parameter Username
Set parameter LicenseID to value 2863623
Academic license - for non-commercial use only - expires 2027-09-12
Set parameter Username
Set parameter LicenseID to value 2863623
Academic license - for non-commercial use only - expires 2027-09-12
Set parameter Username
Set parameter LicenseID to value 2863623
Academic license - for non-commercial use only - expires 2027-09-12
Set parameter Username
Set parameter LicenseID to value 2863623
Academic license - for non-commercial use only - expires 2027-09-12
Set parameter Username
Set parameter LicenseID to value 2863623
Academic license - for non-commercial use only - expires 2027-09-12
Set parameter Username
Set parameter LicenseID to value 2863623
Academic license - for non-commercial use only - expires 2027-09-12
Set parameter Username
Set parameter LicenseID to value 2863623
Academic license - for non-commercial use only - expires 2027-09-12
Set parameter Username
Set parameter LicenseID to value 2863623
Academic license - for non-commercial use only - expires 2027-09-12
Set parameter Username
Set parameter LicenseID to value 2863623
Academic license - for non-commercial use only - expires 2027-09-12
Set parameter Username
Set parameter LicenseID to value 2863623
Academic license - for non-commercial use only - expires 2027-09-12
Set parameter Username
Set parameter LicenseID to value 2863623
Academic license - for non-commercial use only - expires 2027-09-12
Set parameter Username
Set parameter LicenseID to value 2863623
Academic license - for non-commercial use only - expires 2027-09-12
Set parameter Username
Set parameter LicenseID to value 2863623
Academic license - for non-commercial use only - expires 2027-09-12
Set parameter Username
Set parameter LicenseID to value 2863623
Academic license - for non-commercial use only - expires 2027-09-12
Set parameter Username
Set parameter LicenseID to value 2863623
Academic license - for non-commercial use only - expires 2027-09-12
Set parameter Username
Set parameter LicenseID to value 2863623
Academic license - for non-commercial use only - expires 2027-09-12
Set parameter Username
Set parameter LicenseID to value 2863623
Academic license - for non-commercial use only - expires 2027-09-12
Set parameter Username
Set parameter LicenseID to value 2863623
Academic license - for non-commercial use only - expires 2027-09-12
Set parameter Username
Set parameter LicenseID to value 2863623
Academic license - for non-commercial use only - expires 2027-09-12
Set parameter Username
Set parameter LicenseID to value 2863623
Academic license - for non-commercial use only - expires 2027-09-12
Set parameter Username
Set parameter LicenseID to value 2863623
Academic license - for non-commercial use only - expires 2027-09-12
Set parameter Username
Set parameter LicenseID to value 2863623
Academic license - for non-commercial use only - expires 2027-09-12
Set parameter Username
Set parameter LicenseID to value 2863623
Academic license - for non-commercial use only - expires 2027-09-12
Set parameter Username
Set parameter LicenseID to value 2863623
Academic license - for non-commercial use only - expires 2027-09-12
Set parameter Username
Set parameter LicenseID to value 2863623
Academic license - for non-commercial use only - expires 2027-09-12
Set parameter Username
Set parameter LicenseID to value 2863623
Academic license - for non-commercial use only - expires 2027-09-12
Set parameter Username
Set parameter LicenseID to value 2863623
Academic license - for non-commercial use only - expires 2027-09-12
Set parameter Username
Set parameter LicenseID to value 2863623
Academic license - for non-commercial use only - expires 2027-09-12
Set parameter Username
Set parameter LicenseID to value 2863623
Academic license - for non-commercial use only - expires 2027-09-12
Set parameter Username
Set parameter LicenseID to value 2863623
Academic license - for non-commercial use only - expires 2027-09-12
Set parameter Username
Set parameter LicenseID to value 2863623
Academic license - for non-commercial use only - expires 2027-09-12
Set parameter Username
Set parameter LicenseID to value 2863623
Academic license - for non-commercial use only - expires 2027-09-12
Set parameter Username
Set parameter LicenseID to value 2863623
Academic license - for non-commercial use only - expires 2027-09-12
Set parameter Username
Set parameter LicenseID to value 2863623
Academic license - for non-commercial use only - expires 2027-09-12
Set parameter Username
Set parameter LicenseID to value 2863623
Academic license - for non-commercial use only - expires 2027-09-12
Set parameter Username
Set parameter LicenseID to value 2863623
Academic license - for non-commercial use only - expires 2027-09-12
Set parameter Username
Set parameter LicenseID to value 2863623
Academic license - for non-commercial use only - expires 2027-09-12
Set parameter Username
Set parameter LicenseID to value 2863623
Academic license - for non-commercial use only - expires 2027-09-12
Set parameter Username
Set parameter LicenseID to value 2863623
Academic license - for non-commercial use only - expires 2027-09-12
Set parameter Username
Set parameter LicenseID to value 2863623
Academic license - for non-commercial use only - expires 2027-09-12
Set parameter Username
Set parameter LicenseID to value 2863623
Academic license - for non-commercial use only - expires 2027-09-12
Set parameter Username
Set parameter LicenseID to value 2863623
Academic license - for non-commercial use only - expires 2027-09-12
Set parameter Username
Set parameter LicenseID to value 2863623
Academic license - for non-commercial use only - expires 2027-09-12
Set parameter Username
Set parameter LicenseID to value 2863623
Academic license - for non-commercial use only - expires 2027-09-12
Set parameter Username
Set parameter LicenseID to value 2863623
Academic license - for non-commercial use only - expires 2027-09-12
Set parameter Username
Set parameter LicenseID to value 2863623
Academic license - for non-commercial use only - expires 2027-09-12
Set parameter Username
Set parameter LicenseID to value 2863623
Academic license - for non-commercial use only - expires 2027-09-12
Set parameter Username
Set parameter LicenseID to value 2863623
Academic license - for non-commercial use only - expires 2027-09-12
Set parameter Username
Set parameter LicenseID to value 2863623
Academic license - for non-commercial use only - expires 2027-09-12
Set parameter Username
Set parameter LicenseID to value 2863623
Academic license - for non-commercial use only - expires 2027-09-12
Set parameter Username
Set parameter LicenseID to value 2863623
Academic license - for non-commercial use only - expires 2027-09-12
Set parameter Username
Set parameter LicenseID to value 2863623
Academic license - for non-commercial use only - expires 2027-09-12
Set parameter Username
Set parameter LicenseID to value 2863623
Academic license - for non-commercial use only - expires 2027-09-12
Set parameter Username
Set parameter LicenseID to value 2863623
Academic license - for non-commercial use only - expires 2027-09-12
Set parameter Username
Set parameter LicenseID to value 2863623
Academic license - for non-commercial use only - expires 2027-09-12
Set parameter Username
Set parameter LicenseID to value 2863623
Academic license - for non-commercial use only - expires 2027-09-12
Set parameter Username
Set parameter LicenseID to value 2863623
Academic license - for non-commercial use only - expires 2027-09-12
Set parameter Username
Set parameter LicenseID to value 2863623
Academic license - for non-commercial use only - expires 2027-09-12
Set parameter Username
Set parameter LicenseID to value 2863623
Academic license - for non-commercial use only - expires 2027-09-12
Set parameter Username
Set parameter LicenseID to value 2863623
Academic license - for non-commercial use only - expires 2027-09-12
Set parameter Username
Set parameter LicenseID to value 2863623
Academic license - for non-commercial use only - expires 2027-09-12
Set parameter Username
Set parameter LicenseID to value 2863623
Academic license - for non-commercial use only - expires 2027-09-12
Set parameter Username
Set parameter LicenseID to value 2863623
Academic license - for non-commercial use only - expires 2027-09-12
Set parameter Username
Set parameter LicenseID to value 2863623
Academic license - for non-commercial use only - expires 2027-09-12
Set parameter Username
Set parameter LicenseID to value 2863623
Academic license - for non-commercial use only - expires 2027-09-12
Set parameter Username
Set parameter LicenseID to value 2863623
Academic license - for non-commercial use only - expires 2027-09-12
Set parameter Username
Set parameter LicenseID to value 2863623
Academic license - for non-commercial use only - expires 2027-09-12
Set parameter Username
Set parameter LicenseID to value 2863623
Academic license - for non-commercial use only - expires 2027-09-12
Set parameter Username
Set parameter LicenseID to value 2863623
Academic license - for non-commercial use only - expires 2027-09-12
Set parameter Username
Set parameter LicenseID to value 2863623
Academic license - for non-commercial use only - expires 2027-09-12
Set parameter Username
Set parameter LicenseID to value 2863623
Academic license - for non-commercial use only - expires 2027-09-12
Set parameter Username
Set parameter LicenseID to value 2863623
Academic license - for non-commercial use only - expires 2027-09-12
Set parameter Username
Set parameter LicenseID to value 2863623
Academic license - for non-commercial use only - expires 2027-09-12
Set parameter Username
Set parameter LicenseID to value 2863623
Academic license - for non-commercial use only - expires 2027-09-12
Set parameter Username
Set parameter LicenseID to value 2863623
Academic license - for non-commercial use only - expires 2027-09-12
Set parameter Username
Set parameter LicenseID to value 2863623
Academic license - for non-commercial use only - expires 2027-09-12
Set parameter Username
Set parameter LicenseID to value 2863623
Academic license - for non-commercial use only - expires 2027-09-12
Set parameter Username
Set parameter LicenseID to value 2863623
Academic license - for non-commercial use only - expires 2027-09-12
Set parameter Username
Set parameter LicenseID to value 2863623
Academic license - for non-commercial use only - expires 2027-09-12
Set parameter Username
Set parameter LicenseID to value 2863623
Academic license - for non-commercial use only - expires 2027-09-12
Set parameter Username
Set parameter LicenseID to value 2863623
Academic license - for non-commercial use only - expires 2027-09-12
Set parameter Username
Set parameter LicenseID to value 2863623
Academic license - for non-commercial use only - expires 2027-09-12
Set parameter Username
Set parameter LicenseID to value 2863623
Academic license - for non-commercial use only - expires 2027-09-12
Set parameter Username
Set parameter LicenseID to value 2863623
Academic license - for non-commercial use only - expires 2027-09-12
Set parameter Username
Set parameter LicenseID to value 2863623
Academic license - for non-commercial use only - expires 2027-09-12
Set parameter Username
Set parameter LicenseID to value 2863623
Academic license - for non-commercial use only - expires 2027-09-12
Set parameter Username
Set parameter LicenseID to value 2863623
Academic license - for non-commercial use only - expires 2027-09-12
Set parameter Username
Set parameter LicenseID to value 2863623
Academic license - for non-commercial use only - expires 2027-09-12
Set parameter Username
Set parameter LicenseID to value 2863623
Academic license - for non-commercial use only - expires 2027-09-12
Set parameter Username
Set parameter LicenseID to value 2863623
Academic license - for non-commercial use only - expires 2027-09-12
Set parameter Username
Set parameter LicenseID to value 2863623
Academic license - for non-commercial use only - expires 2027-09-12
Set parameter Username
Set parameter LicenseID to value 2863623
Academic license - for non-commercial use only - expires 2027-09-12
Set parameter Username
Set parameter LicenseID to value 2863623
Academic license - for non-commercial use only - expires 2027-09-12
Set parameter Username
Set parameter LicenseID to value 2863623
Academic license - for non-commercial use only - expires 2027-09-12
Set parameter Username
Set parameter LicenseID to value 2863623
Academic license - for non-commercial use only - expires 2027-09-12
Set parameter Username
Set parameter LicenseID to value 2863623
Academic license - for non-commercial use only - expires 2027-09-12
Set parameter Username
Set parameter LicenseID to value 2863623
Academic license - for non-commercial use only - expires 2027-09-12
Set parameter Username
Set parameter LicenseID to value 2863623
Academic license - for non-commercial use only - expires 2027-09-12
Set parameter Username
Set parameter LicenseID to value 2863623
Academic license - for non-commercial use only - expires 2027-09-12
Set parameter Username
Set parameter LicenseID to value 2863623
Academic license - for non-commercial use only - expires 2027-09-12
Set parameter Username
Set parameter LicenseID to value 2863623
Academic license - for non-commercial use only - expires 2027-09-12
Set parameter Username
Set parameter LicenseID to value 2863623
Academic license - for non-commercial use only - expires 2027-09-12
Set parameter Username
Set parameter LicenseID to value 2863623
Academic license - for non-commercial use only - expires 2027-09-12
Set parameter Username
Set parameter LicenseID to value 2863623
Academic license - for non-commercial use only - expires 2027-09-12
Set parameter Username
Set parameter LicenseID to value 2863623
Academic license - for non-commercial use only - expires 2027-09-12
Set parameter Username
Set parameter LicenseID to value 2863623
Academic license - for non-commercial use only - expires 2027-09-12
Set parameter Username
Set parameter LicenseID to value 2863623
Academic license - for non-commercial use only - expires 2027-09-12
Set parameter Username
Set parameter LicenseID to value 2863623
Academic license - for non-commercial use only - expires 2027-09-12
Set parameter Username
Set parameter LicenseID to value 2863623
Academic license - for non-commercial use only - expires 2027-09-12
Set parameter Username
Set parameter LicenseID to value 2863623
Academic license - for non-commercial use only - expires 2027-09-12
Set parameter Username
Set parameter LicenseID to value 2863623
Academic license - for non-commercial use only - expires 2027-09-12
Set parameter Username
Set parameter LicenseID to value 2863623
Academic license - for non-commercial use only - expires 2027-09-12
Set parameter Username
Set parameter LicenseID to value 2863623
Academic license - for non-commercial use only - expires 2027-09-12
Set parameter Username
Set parameter LicenseID to value 2863623
Academic license - for non-commercial use only - expires 2027-09-12
Set parameter Username
Set parameter LicenseID to value 2863623
Academic license - for non-commercial use only - expires 2027-09-12
Set parameter Username
Set parameter LicenseID to value 2863623
Academic license - for non-commercial use only - expires 2027-09-12
Set parameter Username
Set parameter LicenseID to value 2863623
Academic license - for non-commercial use only - expires 2027-09-12
Set parameter Username
Set parameter LicenseID to value 2863623
Academic license - for non-commercial use only - expires 2027-09-12
Set parameter Username
Set parameter LicenseID to value 2863623
Academic license - for non-commercial use only - expires 2027-09-12
Set parameter Username
Set parameter LicenseID to value 2863623
Academic license - for non-commercial use only - expires 2027-09-12
Set parameter Username
Set parameter LicenseID to value 2863623
Academic license - for non-commercial use only - expires 2027-09-12
Set parameter Username
Set parameter LicenseID to value 2863623
Academic license - for non-commercial use only - expires 2027-09-12
Set parameter Username
Set parameter LicenseID to value 2863623
Academic license - for non-commercial use only - expires 2027-09-12
Set parameter Username
Set parameter LicenseID to value 2863623
Academic license - for non-commercial use only - expires 2027-09-12
Set parameter Username
Set parameter LicenseID to value 2863623
Academic license - for non-commercial use only - expires 2027-09-12
Set parameter Username
Set parameter LicenseID to value 2863623
Academic license - for non-commercial use only - expires 2027-09-12
Set parameter Username
Set parameter LicenseID to value 2863623
Academic license - for non-commercial use only - expires 2027-09-12
Set parameter Username
Set parameter LicenseID to value 2863623
Academic license - for non-commercial use only - expires 2027-09-12
Set parameter Username
Set parameter LicenseID to value 2863623
Academic license - for non-commercial use only - expires 2027-09-12
Set parameter Username
Set parameter LicenseID to value 2863623
Academic license - for non-commercial use only - expires 2027-09-12
Set parameter Username
Set parameter LicenseID to value 2863623
Academic license - for non-commercial use only - expires 2027-09-12
Set parameter Username
Set parameter LicenseID to value 2863623
Academic license - for non-commercial use only - expires 2027-09-12
Set parameter Username
Set parameter LicenseID to value 2863623
Academic license - for non-commercial use only - expires 2027-09-12
Set parameter Username
Set parameter LicenseID to value 2863623
Academic license - for non-commercial use only - expires 2027-09-12
Set parameter Username
Set parameter LicenseID to value 2863623
Academic license - for non-commercial use only - expires 2027-09-12
Set parameter Username
Set parameter LicenseID to value 2863623
Academic license - for non-commercial use only - expires 2027-09-12
Set parameter Username
Set parameter LicenseID to value 2863623
Academic license - for non-commercial use only - expires 2027-09-12
Set parameter Username
Set parameter LicenseID to value 2863623
Academic license - for non-commercial use only - expires 2027-09-12
Set parameter Username
Set parameter LicenseID to value 2863623
Academic license - for non-commercial use only - expires 2027-09-12
Set parameter Username
Set parameter LicenseID to value 2863623
Academic license - for non-commercial use only - expires 2027-09-12
Set parameter Username
Set parameter LicenseID to value 2863623
Academic license - for non-commercial use only - expires 2027-09-12
Set parameter Username
Set parameter LicenseID to value 2863623
Academic license - for non-commercial use only - expires 2027-09-12
Set parameter Username
Set parameter LicenseID to value 2863623
Academic license - for non-commercial use only - expires 2027-09-12
Set parameter Username
Set parameter LicenseID to value 2863623
Academic license - for non-commercial use only - expires 2027-09-12
Set parameter Username
Set parameter LicenseID to value 2863623
Academic license - for non-commercial use only - expires 2027-09-12
Set parameter Username
Set parameter LicenseID to value 2863623
Academic license - for non-commercial use only - expires 2027-09-12
Set parameter Username
Set parameter LicenseID to value 2863623
Academic license - for non-commercial use only - expires 2027-09-12
Set parameter TimeLimit to value 300
Set parameter NonConvex to value 2
Set parameter MIPGap to value 0.0001
Set parameter LogFile to value "results\yspace_gurobi_60_c.log"
Set parameter NonConvex to value 2
Set parameter MIPGap to value 0.0001
Set parameter TimeLimit to value 300
Set parameter LogFile to value "results\yspace_gurobi_60_c.log"
Warning for adding constraints: zero or small (< 1e-13) coefficients, ignored
Gurobi Optimizer version 13.0.3 build v13.0.3rc0 (win64 - Windows 11+.0 (26200.2))

CPU model: Intel(R) Core(TM) Ultra 5 225H, instruction set [SSE2|AVX|AVX2]
Thread count: 14 physical cores, 14 logical processors, using up to 14 threads

Non-default parameters:
TimeLimit  300
NonConvex  2

Optimize a model with 44 rows, 242 columns and 4922 nonzeros (Max)
Model fingerprint: 0x4d284bc3
Model has 0 linear objective coefficients
Model has 22 quadratic objective terms
Coefficient statistics:
  Matrix range     [4e-05, 1e+02]
  Objective range  [0e+00, 0e+00]
  QObjective range [2e+00, 2e+00]
  Bounds range     [1e-02, 9e-01]
  RHS range        [1e+00, 1e+00]

Presolve removed 0 rows and 46 columns

Continuous model is non-convex -- solving as a MIP


Presolve added 6 rows and 0 columns
Presolve removed 0 rows and 46 columns
Presolve time: 0.02s
Presolved: 73 rows, 220 columns, 1715 nonzeros
Presolved model has 22 bilinear constraint(s)
Variable types: 220 continuous, 0 integer (0 binary)
Found heuristic solution: objective 0.0729584

Root relaxation: objective 2.457487e-01, 122 iterations, 0.01 seconds (0.00 work units)

    Nodes    |    Current Node    |     Objective Bounds      |     Work
 Expl Unexpl |  Obj  Depth IntInf | Incumbent    BestBd   Gap | It/Node Time

     0     0    0.24575    0   21    0.07296    0.24575   237%     -    0s
H    0     0                       0.1127738    0.24575   118%     -    0s
     0     0    0.18233    0   15    0.11277    0.18233  61.7%     -    0s
     0     0    0.18233    0   15    0.11277    0.18233  61.7%     -    0s
     0     2    0.18233    0   15    0.11277    0.18233  61.7%     -    0s
*  174   208              13       0.1127738    0.14529  28.8%   0.5    0s
*  179   208              13       0.1127738    0.14529  28.8%   0.5    0s
*  182   208              12       0.1127742    0.14529  28.8%   0.5    0s
*  183   208              12       0.1127743    0.14529  28.8%   0.5    0s
*  464   280              12       0.1127743    0.13810  22.5%   0.4    0s
H  478   284                       0.1127743    0.13810  22.5%   0.4    0s
H  507   284                       0.1127743    0.13808  22.4%   0.4    0s
*  765   318              12       0.1127743    0.13135  16.5%   0.4    0s
* 2177   392              12       0.1127743    0.12417  10.1%   0.4    0s
* 2210   392              12       0.1127743    0.12417  10.1%   0.4    0s
* 4507   239              12       0.1127743    0.11938  5.86%   0.4    0s

Cutting planes:
  RLT: 11

Explored 5485 nodes (2421 simplex iterations) in 0.66 seconds (0.29 work units)
Thread count was 14 (of 14 available processors)

Solution count 3: 0.112774 0.112774 0.0729584 

Optimal solution found (tolerance 1.00e-04)
Best objective 1.127738391831e-01, best bound 1.127743454819e-01, gap 0.0004%

User-callback calls 145, time in user-callback 0.00 sec
Set parameter Username
Set parameter LicenseID to value 2863623
Academic license - for non-commercial use only - expires 2027-09-12
Set parameter TimeLimit to value 300
Set parameter NonConvex to value 2
Set parameter MIPGap to value 0.0001
Set parameter LogFile to value "results\yspace_oldcompare_gurobi_60_c.log"
Set parameter NonConvex to value 2
Set parameter MIPGap to value 0.0001
Set parameter TimeLimit to value 300
Set parameter LogFile to value "results\yspace_oldcompare_gurobi_60_c.log"
Warning for adding constraints: zero or small (< 1e-13) coefficients, ignored
Gurobi Optimizer version 13.0.3 build v13.0.3rc0 (win64 - Windows 11+.0 (26200.2))

CPU model: Intel(R) Core(TM) Ultra 5 225H, instruction set [SSE2|AVX|AVX2]
Thread count: 14 physical cores, 14 logical processors, using up to 14 threads

Non-default parameters:
TimeLimit  300
NonConvex  2

Optimize a model with 22 rows, 220 columns and 2550 nonzeros (Max)
Model fingerprint: 0xcd9b2908
Model has 0 linear objective coefficients
Model has 8817 quadratic objective terms
Coefficient statistics:
  Matrix range     [4e-05, 1e+02]
  Objective range  [0e+00, 0e+00]
  QObjective range [9e-05, 9e+01]
  Bounds range     [1e-02, 9e-01]
  RHS range        [1e+00, 1e+00]

Presolve removed 0 rows and 2 columns

Continuous model is non-convex -- solving as a MIP


Presolve added 2 rows and 0 columns
Presolve removed 0 rows and 6 columns
Presolve time: 0.03s
Presolved: 17525 rows, 9033 columns, 45545 nonzeros
Presolved model has 8817 bilinear constraint(s)
Variable types: 9033 continuous, 0 integer (0 binary)
Found heuristic solution: objective 0.1127736

Root relaxation: objective 6.377850e+00, 5620 iterations, 0.38 seconds (0.18 work units)

    Nodes    |    Current Node    |     Objective Bounds      |     Work
 Expl Unexpl |  Obj  Depth IntInf | Incumbent    BestBd   Gap | It/Node Time

     0     0    6.37785    0   28    0.11277    6.37785  5555%     -    0s
     0     0    1.21162    0  287    0.11277    1.21162   974%     -    1s
H    0     0                       0.1127738    1.21162   974%     -    1s
H    0     0                       0.1127740    1.21162   974%     -    1s
H    0     0                       0.1127741    1.21162   974%     -    1s
H    0     0                       0.1127743    1.21162   974%     -    1s
H    0     0                       0.1127744    1.21162   974%     -    1s
H    0     0                       0.1127745    1.21162   974%     -    1s
     0     0    0.71250    0  494    0.11277    0.71250   532%     -    1s
     0     0    0.70859    0  628    0.11277    0.70859   528%     -    1s
     0     0    0.48896    0  585    0.11277    0.48896   334%     -    2s
     0     0    0.48405    0  599    0.11277    0.48405   329%     -    2s
     0     0    0.45513    0  698    0.11277    0.45513   304%     -    2s
     0     0    0.45188    0  682    0.11277    0.45188   301%     -    2s
     0     0    0.43994    0  451    0.11277    0.43994   290%     -    3s
     0     0    0.43718    0  445    0.11277    0.43718   288%     -    3s
     0     0    0.42120    0  738    0.11277    0.42120   273%     -    3s
     0     0    0.42120    0  738    0.11277    0.42120   273%     -    3s
     0     2    0.42120    0  739    0.11277    0.42120   273%     -    4s
     1     4    0.41397    1  669    0.11277    0.42120   273%   728    5s
   116   129    0.32597   10  515    0.11277    0.39607   251%   530   10s
   257   260    0.27487   18  685    0.11277    0.39607   251%   447   15s
   387   377    0.23810   23  740    0.11277    0.38525   242%   402   20s
   581   541    0.20444   28 2376    0.11277    0.38525   242%   358   25s
   781   661    0.14763   34 2657    0.11277    0.35715   217%   342   30s
   998   819    0.12387   40 2850    0.11277    0.35217   212%   337   35s
  1215   966    0.14889   45 3054    0.11277    0.35145   212%   330   41s
  1387  1110    0.14031   50 3310    0.11277    0.32897   192%   326   46s
  1528  1212    0.12210   56 3365    0.11277    0.32897   192%   322   50s
  1840  1435    0.24643   16  547    0.11277    0.32597   189%   317   56s
  2002  1520    0.18391   27 2361    0.11277    0.31918   183%   317   60s
  2277  1718    0.13252   44 3006    0.11277    0.31224   177%   314   66s
  2498  1868    0.23315   18  498    0.11277    0.31041   175%   312   70s
  2612  1869    0.22605   17    0    0.11277    0.30387   169%   311   96s
H 2614  1776                       0.1127752    0.30387   169%   311   98s
  2616  1778    0.12102   11    0    0.11278    0.30387   169%   311  101s
  2618  1779    0.16751   10    0    0.11278    0.30387   169%   311  105s
  2625  1784    0.12256   34    0    0.11278    0.30387   169%   310  110s
  2634  1790    0.13909   28    0    0.11278    0.30387   169%   309  115s
  2642  1795    0.26008   14    0    0.11278    0.30387   169%   308  120s
  2652  1802    0.16575   24    0    0.11278    0.30387   169%   307  125s
  2663  1809    0.19677   34    0    0.11278    0.30387   169%   305  130s
  2665  1813    0.30387   12 1827    0.11278    0.30387   169%   320  149s
  2667  1817    0.30387   13 1826    0.11278    0.30387   169%   321  157s
  2671  1823    0.30387   14 1924    0.11278    0.30387   169%   323  168s
  2679  1835    0.30387   15 1962    0.11278    0.30387   169%   336  174s
  2693  1860    0.30387   16 1993    0.11278    0.30387   169%   341  186s
  2723  1881    0.26991   17 1867    0.11278    0.30387   169%   350  196s
  2754  1897    0.30387   18 2046    0.11278    0.30387   169%   367  203s
H 2759  1804                       0.1127752    0.30387   169%   371  203s
  2780  1833    0.20491   19 1849    0.11278    0.30387   169%   387  210s
  2816  1846    0.30387   20 1842    0.11278    0.30387   169%   400  218s
  2843  1861    0.19330   21 1809    0.11278    0.30387   169%   420  229s
  2867  1884    0.20731   22 1530    0.11278    0.30387   169%   441  238s
H 2869  1796                       0.1127782    0.30387   169%   441  238s
H 2877  1711                       0.1127787    0.30387   169%   443  238s
H 2892  1628                       0.1127850    0.30387   169%   448  238s
  2898  1661    0.30387   23 1283    0.11278    0.30387   169%   452  247s
  2939  1685    0.28551   24 1428    0.11278    0.30387   169%   461  254s
  2987  1711    0.21975   25 1136    0.11278    0.30387   169%   468  260s
  3031  1734    0.29943   26  999    0.11278    0.30387   169%   474  266s
  3077  1753    0.28559   28 1107    0.11278    0.30387   169%   477  272s
  3121  1785    0.23116   30  958    0.11278    0.30387   169%   481  281s
  3174  1816    0.24213   31  862    0.11278    0.30387   169%   486  286s
  3226  1840    0.23972   33 1078    0.11278    0.30387   169%   490  294s
  3282  1888    0.22752   35  818    0.11278    0.30387   169%   497  299s

Cutting planes:
  RLT: 203
  BQP: 105
  PSD: 12

Explored 3364 nodes (1683725 simplex iterations) in 300.20 seconds (264.37 work units)
Thread count was 14 (of 14 available processors)

Solution count 9: 0.112785 0.112779 0.112778 ... 0.112774

Time limit reached
Best objective 1.127736323966e-01, best bound 3.038686818147e-01, gap 169.4501%

User-callback calls 8080, time in user-callback 0.02 sec
  Activating project at `C:\Documents\VS Code\DCAttack`
  0.003519 seconds (2.95 k allocations: 261.341 KiB)
90700.00000000007
6
mu-bound preprocessing time = 2.6607 s (220 LPs)
y-bound preprocessing time  = 0.2918 s (44 LPs)

--- y-space LP bounds L[k] <= (B'mu)[k] <= U[k] ---
k      L[k]             U[k]             U[k]-L[k]       
1      -0.091466203     0.072553145      0.16401935      
2      -0.060110008     0.071428571      0.13153858      
3      -0.032649882     0.033333333      0.065983215     
4      -0.052631579     0.11111111       0.16374269      
5      -0.058205053     0.04950495       0.10771         
6      -0.13962387      0.13926353       0.2788874       
7      -0.050761421     0.070366695      0.12112812      
8      -0.14492754      0.086956522      0.23188406      
9      -0.029498525     0.025641026      0.055139551     
10     -0.090726006     0.33581816       0.42654417      
11     -0.035534046     0.041645033      0.077179079     
12     -0.041376796     0.071421225      0.11279802      
13     -0.031625375     0.051784545      0.083409921     
14     -0.045957408     0.070366695      0.1163241       
15     -0.13290505      0.20366883       0.33657389      
16     -0.032620193     0.059876756      0.092496949     
17     -0.071591279     0.10746022       0.1790515       
18     -0.089023413     0.081083273      0.17010669      
19     -0.052180457     0.048119489      0.10029995      
20     -0.034032654     0.063038465      0.097071119     
21     -0.072233252     0.071421225      0.14365448      
22     -0.1458867       0.087719298      0.233606        

min_k L[k]        = -0.1458867
max_k U[k]        = 0.33581816
max_k (U[k]-L[k]) = 0.42654417
avg_k (U[k]-L[k]) = 0.15859767

==============================================================================
Y-SPACE RESULT: pglib_opf_case60_c.m
==============================================================================
termination status = OPTIMAL
gamma_inc          = 0.11277384
gamma_bd           = 0.11277435
relative gap       = 4.48951e-06
node count         = 5485
solve runtime      = 0.6670 s
presolved rows/cols = 73 / 220
bilinear constraints (presolved) = 22
root relaxation obj = 0.2457487
first incumbent found (approx) = 0.0729584
approx root gap = 2.368340040351762
rho = 1/gamma      = 8.8673048
sqrt(rho)          = 2.977802

--- equivalence / feasibility verification ---
max|A'mu*|              = 5.26489e-16
|c'mu* + 1|             = 2.22045e-16
min_i mu_i*             = 0
max_k |y_k* - (B'mu*)_k| = 7.03308e-16
sum_k (y_k*)^2          = 0.11277384
(mu*)'BB'mu*            = 0.11277384
difference               = 4.16334e-17

--- old (mu-space) replica re-solve, for root-bound comparison only ---
old replica status  = TIME_LIMIT
old root relax obj  = 6.37785
old gamma_inc/gamma_bd (replica) = 0.11277363 / 0.30386868

Saved: results\yspace_reduced_qp_60_c.txt
Appended: results\yspace_reduced_qp_summary.csv
Gurobi log (new):  results\yspace_gurobi_60_c.log
Gurobi log (old replica): results\yspace_oldcompare_gurobi_60_c.log
=== FINISHED 60_c ===
=== STARTING 118_ieee ===
==============================================================================
Y-SPACE EXPERIMENT -- Case: pglib_opf_case118_ieee.m  (key=118_ieee, time_limit=300.0s)
==============================================================================
[info | PowerModels]: removing 3 cost terms from generator 32: Float64[]
[info | PowerModels]: removing 1 cost terms from generator 29: [3266.8781000000004, 0.0]
[info | PowerModels]: removing 3 cost terms from generator 1: Float64[]
[info | PowerModels]: removing 3 cost terms from generator 54: Float64[]
[info | PowerModels]: removing 3 cost terms from generator 2: Float64[]
[info | PowerModels]: removing 3 cost terms from generator 41: Float64[]
[info | PowerModels]: removing 1 cost terms from generator 51: [3504.3401000000003, 0.0]
[info | PowerModels]: removing 3 cost terms from generator 53: Float64[]
[info | PowerModels]: removing 3 cost terms from generator 27: Float64[]
[info | PowerModels]: removing 3 cost terms from generator 42: Float64[]
[info | PowerModels]: removing 3 cost terms from generator 33: Float64[]
[info | PowerModels]: removing 1 cost terms from generator 28: [3478.1778000000004, 0.0]
[info | PowerModels]: removing 3 cost terms from generator 50: Float64[]
[info | PowerModels]: removing 3 cost terms from generator 52: Float64[]
[info | PowerModels]: removing 1 cost terms from generator 26: [1605.6042000000002, 0.0]
[info | PowerModels]: removing 3 cost terms from generator 10: Float64[]
[info | PowerModels]: removing 3 cost terms from generator 24: Float64[]
[info | PowerModels]: removing 1 cost terms from generator 25: [2486.1868, 0.0]
[info | PowerModels]: removing 3 cost terms from generator 23: Float64[]
[info | PowerModels]: removing 3 cost terms from generator 49: Float64[]
[info | PowerModels]: removing 1 cost terms from generator 5: [2498.342, 0.0]
[info | PowerModels]: removing 3 cost terms from generator 31: Float64[]
[info | PowerModels]: removing 3 cost terms from generator 43: Float64[]
[info | PowerModels]: removing 1 cost terms from generator 39: [3407.2633000000005, 0.0]
[info | PowerModels]: removing 3 cost terms from generator 34: Float64[]
[info | PowerModels]: removing 3 cost terms from generator 44: Float64[]
[info | PowerModels]: removing 3 cost terms from generator 17: Float64[]
[info | PowerModels]: removing 1 cost terms from generator 37: [2460.0771999999997, 0.0]
[info | PowerModels]: removing 3 cost terms from generator 47: Float64[]
[info | PowerModels]: removing 3 cost terms from generator 9: Float64[]
[info | PowerModels]: removing 1 cost terms from generator 12: [2222.098, 0.0]
[info | PowerModels]: removing 1 cost terms from generator 20: [2420.2306, 0.0]
[info | PowerModels]: removing 1 cost terms from generator 6: [12458.1564, 0.0]
[info | PowerModels]: removing 1 cost terms from generator 14: [2599.3982, 0.0]
[info | PowerModels]: removing 3 cost terms from generator 7: Float64[]
[info | PowerModels]: removing 3 cost terms from generator 8: Float64[]
[info | PowerModels]: removing 3 cost terms from generator 19: Float64[]
[info | PowerModels]: removing 3 cost terms from generator 4: Float64[]
[info | PowerModels]: removing 1 cost terms from generator 22: [2727.7342999999996, 0.0]
[info | PowerModels]: removing 1 cost terms from generator 11: [2894.8321, 0.0]
[info | PowerModels]: removing 3 cost terms from generator 35: Float64[]
[info | PowerModels]: removing 3 cost terms from generator 13: Float64[]
[info | PowerModels]: removing 3 cost terms from generator 15: Float64[]
[info | PowerModels]: removing 3 cost terms from generator 16: Float64[]
[info | PowerModels]: removing 1 cost terms from generator 40: [2460.5101999999997, 0.0]
[info | PowerModels]: removing 1 cost terms from generator 21: [1667.3942, 0.0]
[info | PowerModels]: removing 3 cost terms from generator 38: Float64[]
[info | PowerModels]: removing 1 cost terms from generator 46: [2864.9471, 0.0]
[info | PowerModels]: removing 1 cost terms from generator 45: [1261.217, 0.0]
[info | PowerModels]: removing 3 cost terms from generator 36: Float64[]
[info | PowerModels]: removing 3 cost terms from generator 48: Float64[]
[info | PowerModels]: removing 3 cost terms from generator 18: Float64[]
[info | PowerModels]: removing 1 cost terms from generator 30: [2575.8442, 0.0]
[info | PowerModels]: removing 3 cost terms from generator 3: Float64[]
[info | PowerModels]: updated generator 32 cost function with order 0 to a function of order 3: [0.0, 0.0, 0.0]
[info | PowerModels]: updated generator 29 cost function with order 2 to a function of order 3: [0.0, 3266.8781000000004, 0.0]
[info | PowerModels]: updated generator 1 cost function with order 0 to a function of order 3: [0.0, 0.0, 0.0]
[info | PowerModels]: updated generator 54 cost function with order 0 to a function of order 3: [0.0, 0.0, 0.0]
[info | PowerModels]: updated generator 2 cost function with order 0 to a function of order 3: [0.0, 0.0, 0.0]
[info | PowerModels]: updated generator 41 cost function with order 0 to a function of order 3: [0.0, 0.0, 0.0]
[info | PowerModels]: updated generator 51 cost function with order 2 to a function of order 3: [0.0, 3504.3401000000003, 0.0]
[info | PowerModels]: updated generator 53 cost function with order 0 to a function of order 3: [0.0, 0.0, 0.0]
[info | PowerModels]: updated generator 27 cost function with order 0 to a function of order 3: [0.0, 0.0, 0.0]
[info | PowerModels]: updated generator 42 cost function with order 0 to a function of order 3: [0.0, 0.0, 0.0]
[info | PowerModels]: updated generator 33 cost function with order 0 to a function of order 3: [0.0, 0.0, 0.0]
[info | PowerModels]: updated generator 28 cost function with order 2 to a function of order 3: [0.0, 3478.1778000000004, 0.0]
[info | PowerModels]: updated generator 50 cost function with order 0 to a function of order 3: [0.0, 0.0, 0.0]
[info | PowerModels]: updated generator 52 cost function with order 0 to a function of order 3: [0.0, 0.0, 0.0]
[info | PowerModels]: updated generator 26 cost function with order 2 to a function of order 3: [0.0, 1605.6042000000002, 0.0]
[info | PowerModels]: updated generator 10 cost function with order 0 to a function of order 3: [0.0, 0.0, 0.0]
[info | PowerModels]: updated generator 24 cost function with order 0 to a function of order 3: [0.0, 0.0, 0.0]
[info | PowerModels]: updated generator 25 cost function with order 2 to a function of order 3: [0.0, 2486.1868, 0.0]
[info | PowerModels]: updated generator 23 cost function with order 0 to a function of order 3: [0.0, 0.0, 0.0]
[info | PowerModels]: updated generator 49 cost function with order 0 to a function of order 3: [0.0, 0.0, 0.0]
[info | PowerModels]: updated generator 5 cost function with order 2 to a function of order 3: [0.0, 2498.342, 0.0]
[info | PowerModels]: updated generator 31 cost function with order 0 to a function of order 3: [0.0, 0.0, 0.0]
[info | PowerModels]: updated generator 43 cost function with order 0 to a function of order 3: [0.0, 0.0, 0.0]
[info | PowerModels]: updated generator 39 cost function with order 2 to a function of order 3: [0.0, 3407.2633000000005, 0.0]
[info | PowerModels]: updated generator 34 cost function with order 0 to a function of order 3: [0.0, 0.0, 0.0]
[info | PowerModels]: updated generator 44 cost function with order 0 to a function of order 3: [0.0, 0.0, 0.0]
[info | PowerModels]: updated generator 17 cost function with order 0 to a function of order 3: [0.0, 0.0, 0.0]
[info | PowerModels]: updated generator 37 cost function with order 2 to a function of order 3: [0.0, 2460.0771999999997, 0.0]
[info | PowerModels]: updated generator 47 cost function with order 0 to a function of order 3: [0.0, 0.0, 0.0]
[info | PowerModels]: updated generator 9 cost function with order 0 to a function of order 3: [0.0, 0.0, 0.0]
[info | PowerModels]: updated generator 12 cost function with order 2 to a function of order 3: [0.0, 2222.098, 0.0]
[info | PowerModels]: updated generator 20 cost function with order 2 to a function of order 3: [0.0, 2420.2306, 0.0]
[info | PowerModels]: updated generator 6 cost function with order 2 to a function of order 3: [0.0, 12458.1564, 0.0]
[info | PowerModels]: updated generator 14 cost function with order 2 to a function of order 3: [0.0, 2599.3982, 0.0]
[info | PowerModels]: updated generator 7 cost function with order 0 to a function of order 3: [0.0, 0.0, 0.0]
[info | PowerModels]: updated generator 8 cost function with order 0 to a function of order 3: [0.0, 0.0, 0.0]
[info | PowerModels]: updated generator 19 cost function with order 0 to a function of order 3: [0.0, 0.0, 0.0]
[info | PowerModels]: updated generator 4 cost function with order 0 to a function of order 3: [0.0, 0.0, 0.0]
[info | PowerModels]: updated generator 22 cost function with order 2 to a function of order 3: [0.0, 2727.7342999999996, 0.0]
[info | PowerModels]: updated generator 11 cost function with order 2 to a function of order 3: [0.0, 2894.8321, 0.0]
[info | PowerModels]: updated generator 35 cost function with order 0 to a function of order 3: [0.0, 0.0, 0.0]
[info | PowerModels]: updated generator 13 cost function with order 0 to a function of order 3: [0.0, 0.0, 0.0]
[info | PowerModels]: updated generator 15 cost function with order 0 to a function of order 3: [0.0, 0.0, 0.0]
[info | PowerModels]: updated generator 16 cost function with order 0 to a function of order 3: [0.0, 0.0, 0.0]
[info | PowerModels]: updated generator 40 cost function with order 2 to a function of order 3: [0.0, 2460.5101999999997, 0.0]
[info | PowerModels]: updated generator 21 cost function with order 2 to a function of order 3: [0.0, 1667.3942, 0.0]
[info | PowerModels]: updated generator 38 cost function with order 0 to a function of order 3: [0.0, 0.0, 0.0]
[info | PowerModels]: updated generator 46 cost function with order 2 to a function of order 3: [0.0, 2864.9471, 0.0]
[info | PowerModels]: updated generator 45 cost function with order 2 to a function of order 3: [0.0, 1261.217, 0.0]
[info | PowerModels]: updated generator 36 cost function with order 0 to a function of order 3: [0.0, 0.0, 0.0]
[info | PowerModels]: updated generator 48 cost function with order 0 to a function of order 3: [0.0, 0.0, 0.0]
[info | PowerModels]: updated generator 18 cost function with order 0 to a function of order 3: [0.0, 0.0, 0.0]
[info | PowerModels]: updated generator 30 cost function with order 2 to a function of order 3: [0.0, 2575.8442, 0.0]
[info | PowerModels]: updated generator 3 cost function with order 0 to a function of order 3: [0.0, 0.0, 0.0]
Set parameter Username
Set parameter LicenseID to value 2863623
Academic license - for non-commercial use only - expires 2027-09-12
Gurobi Optimizer version 13.0.3 build v13.0.3rc0 (win64 - Windows 11+.0 (26200.2))

CPU model: Intel(R) Core(TM) Ultra 5 225H, instruction set [SSE2|AVX|AVX2]
Thread count: 14 physical cores, 14 logical processors, using up to 14 threads

Optimize a model with 484 rows, 537 columns and 1522 nonzeros (Min)
Model fingerprint: 0x12b171e2
Model has 19 linear objective coefficients
Coefficient statistics:
  Matrix range     [1e+00, 2e+02]
  Objective range  [1e+03, 1e+04]
  Bounds range     [1e-01, 7e+01]
  RHS range        [2e-02, 3e+00]

Presolve removed 352 rows and 388 columns
Presolve time: 0.00s
Presolved: 132 rows, 149 columns, 625 nonzeros

Iteration    Objective       Primal Inf.    Dual Inf.      Time
       0      handle free variables                          0s
      85    9.3100730e+04   0.000000e+00   0.000000e+00      0s

Solved in 85 iterations and 0.01 seconds (0.00 work units)
Optimal objective  9.310072993e+04

User-callback calls 25, time in user-callback 0.00 sec
Set parameter Username
Set parameter LicenseID to value 2863623
Academic license - for non-commercial use only - expires 2027-09-12
Gurobi Optimizer version 13.0.3 build v13.0.3rc0 (win64 - Windows 11+.0 (26200.2))

CPU model: Intel(R) Core(TM) Ultra 5 225H, instruction set [SSE2|AVX|AVX2]
Thread count: 14 physical cores, 14 logical processors, using up to 14 threads

Optimize a model with 411 rows, 19 columns and 6023 nonzeros (Min)
Model fingerprint: 0xd45fbd21
Model has 19 linear objective coefficients
Coefficient statistics:
  Matrix range     [2e-06, 1e+00]
  Objective range  [1e+03, 1e+04]
  Bounds range     [0e+00, 0e+00]
  RHS range        [4e-04, 7e+01]

Presolve removed 379 rows and 0 columns
Presolve time: 0.00s
Presolved: 32 rows, 26 columns, 568 nonzeros

Iteration    Objective       Primal Inf.    Dual Inf.      Time
       0    5.3500825e+04   7.263174e+01   0.000000e+00      0s
      10    9.3100730e+04   0.000000e+00   0.000000e+00      0s

Solved in 10 iterations and 0.00 seconds (0.00 work units)
Optimal objective  9.310072993e+04

User-callback calls 25, time in user-callback 0.00 sec
Set parameter Username
Set parameter LicenseID to value 2863623
Academic license - for non-commercial use only - expires 2027-09-12
Warning for adding constraints: zero or small (< 1e-13) coefficients, ignored
Gurobi Optimizer version 13.0.3 build v13.0.3rc0 (win64 - Windows 11+.0 (26200.2))

CPU model: Intel(R) Core(TM) Ultra 5 225H, instruction set [SSE2|AVX|AVX2]
Thread count: 14 physical cores, 14 logical processors, using up to 14 threads

Optimize a model with 410 rows, 18 columns and 6038 nonzeros (Min)
Model fingerprint: 0x7ab6e792
Model has 18 linear objective coefficients and an objective constant of 1.3858096900200003e+05
Coefficient statistics:
  Matrix range     [2e-06, 1e+00]
  Objective range  [1e+02, 9e+03]
  Bounds range     [0e+00, 0e+00]
  RHS range        [4e-04, 7e+01]

Presolve removed 378 rows and 0 columns
Presolve time: 0.00s
Presolved: 32 rows, 26 columns, 568 nonzeros

Iteration    Objective       Primal Inf.    Dual Inf.      Time
       0    5.3500825e+04   7.263174e+01   0.000000e+00      0s
      10    9.3100730e+04   0.000000e+00   0.000000e+00      0s

Solved in 10 iterations and 0.00 seconds (0.00 work units)
Optimal objective  9.310072993e+04

User-callback calls 26, time in user-callback 0.00 sec
Set parameter Username
Set parameter LicenseID to value 2863623
Academic license - for non-commercial use only - expires 2027-09-12
Set parameter Username
Set parameter LicenseID to value 2863623
Academic license - for non-commercial use only - expires 2027-09-12
Set parameter Username
Set parameter LicenseID to value 2863623
Academic license - for non-commercial use only - expires 2027-09-12
Set parameter Username
Set parameter LicenseID to value 2863623
Academic license - for non-commercial use only - expires 2027-09-12
Set parameter Username
Set parameter LicenseID to value 2863623
Academic license - for non-commercial use only - expires 2027-09-12
Set parameter Username
Set parameter LicenseID to value 2863623
Academic license - for non-commercial use only - expires 2027-09-12
Set parameter Username
Set parameter LicenseID to value 2863623
Academic license - for non-commercial use only - expires 2027-09-12
Set parameter Username
Set parameter LicenseID to value 2863623
Academic license - for non-commercial use only - expires 2027-09-12
Set parameter Username
Set parameter LicenseID to value 2863623
Academic license - for non-commercial use only - expires 2027-09-12
Set parameter Username
Set parameter LicenseID to value 2863623
Academic license - for non-commercial use only - expires 2027-09-12
Set parameter Username
Set parameter LicenseID to value 2863623
Academic license - for non-commercial use only - expires 2027-09-12
Set parameter Username
Set parameter LicenseID to value 2863623
Academic license - for non-commercial use only - expires 2027-09-12
Set parameter Username
Set parameter LicenseID to value 2863623
Academic license - for non-commercial use only - expires 2027-09-12
Set parameter Username
Set parameter LicenseID to value 2863623
Academic license - for non-commercial use only - expires 2027-09-12
Set parameter Username
Set parameter LicenseID to value 2863623
Academic license - for non-commercial use only - expires 2027-09-12
Set parameter Username
Set parameter LicenseID to value 2863623
Academic license - for non-commercial use only - expires 2027-09-12
Set parameter Username
Set parameter LicenseID to value 2863623
Academic license - for non-commercial use only - expires 2027-09-12
Set parameter Username
Set parameter LicenseID to value 2863623
Academic license - for non-commercial use only - expires 2027-09-12
Set parameter Username
Set parameter LicenseID to value 2863623
Academic license - for non-commercial use only - expires 2027-09-12
Set parameter Username
Set parameter LicenseID to value 2863623
Academic license - for non-commercial use only - expires 2027-09-12
Set parameter Username
Set parameter LicenseID to value 2863623
Academic license - for non-commercial use only - expires 2027-09-12
Set parameter Username
Set parameter LicenseID to value 2863623
Academic license - for non-commercial use only - expires 2027-09-12
Set parameter Username
Set parameter LicenseID to value 2863623
Academic license - for non-commercial use only - expires 2027-09-12
Set parameter Username
Set parameter LicenseID to value 2863623
Academic license - for non-commercial use only - expires 2027-09-12
Set parameter Username
Set parameter LicenseID to value 2863623
Academic license - for non-commercial use only - expires 2027-09-12
Set parameter Username
Set parameter LicenseID to value 2863623
Academic license - for non-commercial use only - expires 2027-09-12
Set parameter Username
Set parameter LicenseID to value 2863623
Academic license - for non-commercial use only - expires 2027-09-12
Set parameter Username
Set parameter LicenseID to value 2863623
Academic license - for non-commercial use only - expires 2027-09-12
Set parameter Username
Set parameter LicenseID to value 2863623
Academic license - for non-commercial use only - expires 2027-09-12
Set parameter Username
Set parameter LicenseID to value 2863623
Academic license - for non-commercial use only - expires 2027-09-12
Set parameter Username
Set parameter LicenseID to value 2863623
Academic license - for non-commercial use only - expires 2027-09-12
Set parameter Username
Set parameter LicenseID to value 2863623
Academic license - for non-commercial use only - expires 2027-09-12
Set parameter Username
Set parameter LicenseID to value 2863623
Academic license - for non-commercial use only - expires 2027-09-12
Set parameter Username
Set parameter LicenseID to value 2863623
Academic license - for non-commercial use only - expires 2027-09-12
Set parameter Username
Set parameter LicenseID to value 2863623
Academic license - for non-commercial use only - expires 2027-09-12
Set parameter Username
Set parameter LicenseID to value 2863623
Academic license - for non-commercial use only - expires 2027-09-12
Set parameter Username
Set parameter LicenseID to value 2863623
Academic license - for non-commercial use only - expires 2027-09-12
Set parameter Username
Set parameter LicenseID to value 2863623
Academic license - for non-commercial use only - expires 2027-09-12
Set parameter Username
Set parameter LicenseID to value 2863623
Academic license - for non-commercial use only - expires 2027-09-12
Set parameter Username
Set parameter LicenseID to value 2863623
Academic license - for non-commercial use only - expires 2027-09-12
Set parameter Username
Set parameter LicenseID to value 2863623
Academic license - for non-commercial use only - expires 2027-09-12
Set parameter Username
Set parameter LicenseID to value 2863623
Academic license - for non-commercial use only - expires 2027-09-12
Set parameter Username
Set parameter LicenseID to value 2863623
Academic license - for non-commercial use only - expires 2027-09-12
Set parameter Username
Set parameter LicenseID to value 2863623
Academic license - for non-commercial use only - expires 2027-09-12
Set parameter Username
Set parameter LicenseID to value 2863623
Academic license - for non-commercial use only - expires 2027-09-12
Set parameter Username
Set parameter LicenseID to value 2863623
Academic license - for non-commercial use only - expires 2027-09-12
Set parameter Username
Set parameter LicenseID to value 2863623
Academic license - for non-commercial use only - expires 2027-09-12
Set parameter Username
Set parameter LicenseID to value 2863623
Academic license - for non-commercial use only - expires 2027-09-12
Set parameter Username
Set parameter LicenseID to value 2863623
Academic license - for non-commercial use only - expires 2027-09-12
Set parameter Username
Set parameter LicenseID to value 2863623
Academic license - for non-commercial use only - expires 2027-09-12
Set parameter Username
Set parameter LicenseID to value 2863623
Academic license - for non-commercial use only - expires 2027-09-12
Set parameter Username
Set parameter LicenseID to value 2863623
Academic license - for non-commercial use only - expires 2027-09-12
Set parameter Username
Set parameter LicenseID to value 2863623
Academic license - for non-commercial use only - expires 2027-09-12
Set parameter Username
Set parameter LicenseID to value 2863623
Academic license - for non-commercial use only - expires 2027-09-12
Set parameter Username
Set parameter LicenseID to value 2863623
Academic license - for non-commercial use only - expires 2027-09-12
Set parameter Username
Set parameter LicenseID to value 2863623
Academic license - for non-commercial use only - expires 2027-09-12
Set parameter Username
Set parameter LicenseID to value 2863623
Academic license - for non-commercial use only - expires 2027-09-12
Set parameter Username
Set parameter LicenseID to value 2863623
Academic license - for non-commercial use only - expires 2027-09-12
Set parameter Username
Set parameter LicenseID to value 2863623
Academic license - for non-commercial use only - expires 2027-09-12
Set parameter Username
Set parameter LicenseID to value 2863623
Academic license - for non-commercial use only - expires 2027-09-12
Set parameter Username
Set parameter LicenseID to value 2863623
Academic license - for non-commercial use only - expires 2027-09-12
Set parameter Username
Set parameter LicenseID to value 2863623
Academic license - for non-commercial use only - expires 2027-09-12
Set parameter Username
Set parameter LicenseID to value 2863623
Academic license - for non-commercial use only - expires 2027-09-12
Set parameter Username
Set parameter LicenseID to value 2863623
Academic license - for non-commercial use only - expires 2027-09-12
Set parameter Username
Set parameter LicenseID to value 2863623
Academic license - for non-commercial use only - expires 2027-09-12
Set parameter Username
Set parameter LicenseID to value 2863623
Academic license - for non-commercial use only - expires 2027-09-12
Set parameter Username
Set parameter LicenseID to value 2863623
Academic license - for non-commercial use only - expires 2027-09-12
Set parameter Username
Set parameter LicenseID to value 2863623
Academic license - for non-commercial use only - expires 2027-09-12
Set parameter Username
Set parameter LicenseID to value 2863623
Academic license - for non-commercial use only - expires 2027-09-12
Set parameter Username
Set parameter LicenseID to value 2863623
Academic license - for non-commercial use only - expires 2027-09-12
Set parameter Username
Set parameter LicenseID to value 2863623
Academic license - for non-commercial use only - expires 2027-09-12
Set parameter Username
Set parameter LicenseID to value 2863623
Academic license - for non-commercial use only - expires 2027-09-12
Set parameter Username
Set parameter LicenseID to value 2863623
Academic license - for non-commercial use only - expires 2027-09-12
Set parameter Username
Set parameter LicenseID to value 2863623
Academic license - for non-commercial use only - expires 2027-09-12
Set parameter Username
Set parameter LicenseID to value 2863623
Academic license - for non-commercial use only - expires 2027-09-12
Set parameter Username
Set parameter LicenseID to value 2863623
Academic license - for non-commercial use only - expires 2027-09-12
Set parameter Username
Set parameter LicenseID to value 2863623
Academic license - for non-commercial use only - expires 2027-09-12
Set parameter Username
Set parameter LicenseID to value 2863623
Academic license - for non-commercial use only - expires 2027-09-12
Set parameter Username
Set parameter LicenseID to value 2863623
Academic license - for non-commercial use only - expires 2027-09-12
Set parameter Username
Set parameter LicenseID to value 2863623
Academic license - for non-commercial use only - expires 2027-09-12
Set parameter Username
Set parameter LicenseID to value 2863623
Academic license - for non-commercial use only - expires 2027-09-12
Set parameter Username
Set parameter LicenseID to value 2863623
Academic license - for non-commercial use only - expires 2027-09-12
Set parameter Username
Set parameter LicenseID to value 2863623
Academic license - for non-commercial use only - expires 2027-09-12
Set parameter Username
Set parameter LicenseID to value 2863623
Academic license - for non-commercial use only - expires 2027-09-12
Set parameter Username
Set parameter LicenseID to value 2863623
Academic license - for non-commercial use only - expires 2027-09-12
Set parameter Username
Set parameter LicenseID to value 2863623
Academic license - for non-commercial use only - expires 2027-09-12
Set parameter Username
Set parameter LicenseID to value 2863623
Academic license - for non-commercial use only - expires 2027-09-12
Set parameter Username
Set parameter LicenseID to value 2863623
Academic license - for non-commercial use only - expires 2027-09-12
Set parameter Username
Set parameter LicenseID to value 2863623
Academic license - for non-commercial use only - expires 2027-09-12
Set parameter Username
Set parameter LicenseID to value 2863623
Academic license - for non-commercial use only - expires 2027-09-12
Set parameter Username
Set parameter LicenseID to value 2863623
Academic license - for non-commercial use only - expires 2027-09-12
Set parameter Username
Set parameter LicenseID to value 2863623
Academic license - for non-commercial use only - expires 2027-09-12
Set parameter Username
Set parameter LicenseID to value 2863623
Academic license - for non-commercial use only - expires 2027-09-12
Set parameter Username
Set parameter LicenseID to value 2863623
Academic license - for non-commercial use only - expires 2027-09-12
Set parameter Username
Set parameter LicenseID to value 2863623
Academic license - for non-commercial use only - expires 2027-09-12
Set parameter Username
Set parameter LicenseID to value 2863623
Academic license - for non-commercial use only - expires 2027-09-12
Set parameter Username
Set parameter LicenseID to value 2863623
Academic license - for non-commercial use only - expires 2027-09-12
Set parameter Username
Set parameter LicenseID to value 2863623
Academic license - for non-commercial use only - expires 2027-09-12
Set parameter Username
Set parameter LicenseID to value 2863623
Academic license - for non-commercial use only - expires 2027-09-12
Set parameter Username
Set parameter LicenseID to value 2863623
Academic license - for non-commercial use only - expires 2027-09-12
Set parameter Username
Set parameter LicenseID to value 2863623
Academic license - for non-commercial use only - expires 2027-09-12
Set parameter Username
Set parameter LicenseID to value 2863623
Academic license - for non-commercial use only - expires 2027-09-12
Set parameter Username
Set parameter LicenseID to value 2863623
Academic license - for non-commercial use only - expires 2027-09-12
Set parameter Username
Set parameter LicenseID to value 2863623
Academic license - for non-commercial use only - expires 2027-09-12
Set parameter Username
Set parameter LicenseID to value 2863623
Academic license - for non-commercial use only - expires 2027-09-12
Set parameter Username
Set parameter LicenseID to value 2863623
Academic license - for non-commercial use only - expires 2027-09-12
Set parameter Username
Set parameter LicenseID to value 2863623
Academic license - for non-commercial use only - expires 2027-09-12
Set parameter Username
Set parameter LicenseID to value 2863623
Academic license - for non-commercial use only - expires 2027-09-12
Set parameter Username
Set parameter LicenseID to value 2863623
Academic license - for non-commercial use only - expires 2027-09-12
Set parameter Username
Set parameter LicenseID to value 2863623
Academic license - for non-commercial use only - expires 2027-09-12
Set parameter Username
Set parameter LicenseID to value 2863623
Academic license - for non-commercial use only - expires 2027-09-12
Set parameter Username
Set parameter LicenseID to value 2863623
Academic license - for non-commercial use only - expires 2027-09-12
Set parameter Username
Set parameter LicenseID to value 2863623
Academic license - for non-commercial use only - expires 2027-09-12
Set parameter Username
Set parameter LicenseID to value 2863623
Academic license - for non-commercial use only - expires 2027-09-12
Set parameter Username
Set parameter LicenseID to value 2863623
Academic license - for non-commercial use only - expires 2027-09-12
Set parameter Username
Set parameter LicenseID to value 2863623
Academic license - for non-commercial use only - expires 2027-09-12
Set parameter Username
Set parameter LicenseID to value 2863623
Academic license - for non-commercial use only - expires 2027-09-12
Set parameter Username
Set parameter LicenseID to value 2863623
Academic license - for non-commercial use only - expires 2027-09-12
Set parameter Username
Set parameter LicenseID to value 2863623
Academic license - for non-commercial use only - expires 2027-09-12
Set parameter Username
Set parameter LicenseID to value 2863623
Academic license - for non-commercial use only - expires 2027-09-12
Set parameter Username
Set parameter LicenseID to value 2863623
Academic license - for non-commercial use only - expires 2027-09-12
Set parameter Username
Set parameter LicenseID to value 2863623
Academic license - for non-commercial use only - expires 2027-09-12
Set parameter Username
Set parameter LicenseID to value 2863623
Academic license - for non-commercial use only - expires 2027-09-12
Set parameter Username
Set parameter LicenseID to value 2863623
Academic license - for non-commercial use only - expires 2027-09-12
Set parameter Username
Set parameter LicenseID to value 2863623
Academic license - for non-commercial use only - expires 2027-09-12
Set parameter Username
Set parameter LicenseID to value 2863623
Academic license - for non-commercial use only - expires 2027-09-12
Set parameter Username
Set parameter LicenseID to value 2863623
Academic license - for non-commercial use only - expires 2027-09-12
Set parameter Username
Set parameter LicenseID to value 2863623
Academic license - for non-commercial use only - expires 2027-09-12
Set parameter Username
Set parameter LicenseID to value 2863623
Academic license - for non-commercial use only - expires 2027-09-12
Set parameter Username
Set parameter LicenseID to value 2863623
Academic license - for non-commercial use only - expires 2027-09-12
Set parameter Username
Set parameter LicenseID to value 2863623
Academic license - for non-commercial use only - expires 2027-09-12
Set parameter Username
Set parameter LicenseID to value 2863623
Academic license - for non-commercial use only - expires 2027-09-12
Set parameter Username
Set parameter LicenseID to value 2863623
Academic license - for non-commercial use only - expires 2027-09-12
Set parameter Username
Set parameter LicenseID to value 2863623
Academic license - for non-commercial use only - expires 2027-09-12
Set parameter Username
Set parameter LicenseID to value 2863623
Academic license - for non-commercial use only - expires 2027-09-12
Set parameter Username
Set parameter LicenseID to value 2863623
Academic license - for non-commercial use only - expires 2027-09-12
Set parameter Username
Set parameter LicenseID to value 2863623
Academic license - for non-commercial use only - expires 2027-09-12
Set parameter Username
Set parameter LicenseID to value 2863623
Academic license - for non-commercial use only - expires 2027-09-12
Set parameter Username
Set parameter LicenseID to value 2863623
Academic license - for non-commercial use only - expires 2027-09-12
Set parameter Username
Set parameter LicenseID to value 2863623
Academic license - for non-commercial use only - expires 2027-09-12
Set parameter Username
Set parameter LicenseID to value 2863623
Academic license - for non-commercial use only - expires 2027-09-12
Set parameter Username
Set parameter LicenseID to value 2863623
Academic license - for non-commercial use only - expires 2027-09-12
Set parameter Username
Set parameter LicenseID to value 2863623
Academic license - for non-commercial use only - expires 2027-09-12
Set parameter Username
Set parameter LicenseID to value 2863623
Academic license - for non-commercial use only - expires 2027-09-12
Set parameter Username
Set parameter LicenseID to value 2863623
Academic license - for non-commercial use only - expires 2027-09-12
Set parameter Username
Set parameter LicenseID to value 2863623
Academic license - for non-commercial use only - expires 2027-09-12
Set parameter Username
Set parameter LicenseID to value 2863623
Academic license - for non-commercial use only - expires 2027-09-12
Set parameter Username
Set parameter LicenseID to value 2863623
Academic license - for non-commercial use only - expires 2027-09-12
Set parameter Username
Set parameter LicenseID to value 2863623
Academic license - for non-commercial use only - expires 2027-09-12
Set parameter Username
Set parameter LicenseID to value 2863623
Academic license - for non-commercial use only - expires 2027-09-12
Set parameter Username
Set parameter LicenseID to value 2863623
Academic license - for non-commercial use only - expires 2027-09-12
Set parameter Username
Set parameter LicenseID to value 2863623
Academic license - for non-commercial use only - expires 2027-09-12
Set parameter Username
Set parameter LicenseID to value 2863623
Academic license - for non-commercial use only - expires 2027-09-12
Set parameter Username
Set parameter LicenseID to value 2863623
Academic license - for non-commercial use only - expires 2027-09-12
Set parameter Username
Set parameter LicenseID to value 2863623
Academic license - for non-commercial use only - expires 2027-09-12
Set parameter Username
Set parameter LicenseID to value 2863623
Academic license - for non-commercial use only - expires 2027-09-12
Set parameter Username
Set parameter LicenseID to value 2863623
Academic license - for non-commercial use only - expires 2027-09-12
Set parameter Username
Set parameter LicenseID to value 2863623
Academic license - for non-commercial use only - expires 2027-09-12
Set parameter Username
Set parameter LicenseID to value 2863623
Academic license - for non-commercial use only - expires 2027-09-12
Set parameter Username
Set parameter LicenseID to value 2863623
Academic license - for non-commercial use only - expires 2027-09-12
Set parameter Username
Set parameter LicenseID to value 2863623
Academic license - for non-commercial use only - expires 2027-09-12
Set parameter Username
Set parameter LicenseID to value 2863623
Academic license - for non-commercial use only - expires 2027-09-12
Set parameter Username
Set parameter LicenseID to value 2863623
Academic license - for non-commercial use only - expires 2027-09-12
Set parameter Username
Set parameter LicenseID to value 2863623
Academic license - for non-commercial use only - expires 2027-09-12
Set parameter Username
Set parameter LicenseID to value 2863623
Academic license - for non-commercial use only - expires 2027-09-12
Set parameter Username
Set parameter LicenseID to value 2863623
Academic license - for non-commercial use only - expires 2027-09-12
Set parameter Username
Set parameter LicenseID to value 2863623
Academic license - for non-commercial use only - expires 2027-09-12
Set parameter Username
Set parameter LicenseID to value 2863623
Academic license - for non-commercial use only - expires 2027-09-12
Set parameter Username
Set parameter LicenseID to value 2863623
Academic license - for non-commercial use only - expires 2027-09-12
Set parameter Username
Set parameter LicenseID to value 2863623
Academic license - for non-commercial use only - expires 2027-09-12
Set parameter Username
Set parameter LicenseID to value 2863623
Academic license - for non-commercial use only - expires 2027-09-12
Set parameter Username
Set parameter LicenseID to value 2863623
Academic license - for non-commercial use only - expires 2027-09-12
Set parameter Username
Set parameter LicenseID to value 2863623
Academic license - for non-commercial use only - expires 2027-09-12
Set parameter Username
Set parameter LicenseID to value 2863623
Academic license - for non-commercial use only - expires 2027-09-12
Set parameter Username
Set parameter LicenseID to value 2863623
Academic license - for non-commercial use only - expires 2027-09-12
Set parameter Username
Set parameter LicenseID to value 2863623
Academic license - for non-commercial use only - expires 2027-09-12
Set parameter Username
Set parameter LicenseID to value 2863623
Academic license - for non-commercial use only - expires 2027-09-12
Set parameter Username
Set parameter LicenseID to value 2863623
Academic license - for non-commercial use only - expires 2027-09-12
Set parameter Username
Set parameter LicenseID to value 2863623
Academic license - for non-commercial use only - expires 2027-09-12
Set parameter Username
Set parameter LicenseID to value 2863623
Academic license - for non-commercial use only - expires 2027-09-12
Set parameter Username
Set parameter LicenseID to value 2863623
Academic license - for non-commercial use only - expires 2027-09-12
Set parameter Username
Set parameter LicenseID to value 2863623
Academic license - for non-commercial use only - expires 2027-09-12
Set parameter Username
Set parameter LicenseID to value 2863623
Academic license - for non-commercial use only - expires 2027-09-12
Set parameter Username
Set parameter LicenseID to value 2863623
Academic license - for non-commercial use only - expires 2027-09-12
Set parameter Username
Set parameter LicenseID to value 2863623
Academic license - for non-commercial use only - expires 2027-09-12
Set parameter Username
Set parameter LicenseID to value 2863623
Academic license - for non-commercial use only - expires 2027-09-12
Set parameter Username
Set parameter LicenseID to value 2863623
Academic license - for non-commercial use only - expires 2027-09-12
Set parameter Username
Set parameter LicenseID to value 2863623
Academic license - for non-commercial use only - expires 2027-09-12
Set parameter Username
Set parameter LicenseID to value 2863623
Academic license - for non-commercial use only - expires 2027-09-12
Set parameter Username
Set parameter LicenseID to value 2863623
Academic license - for non-commercial use only - expires 2027-09-12
Set parameter Username
Set parameter LicenseID to value 2863623
Academic license - for non-commercial use only - expires 2027-09-12
Set parameter Username
Set parameter LicenseID to value 2863623
Academic license - for non-commercial use only - expires 2027-09-12
Set parameter Username
Set parameter LicenseID to value 2863623
Academic license - for non-commercial use only - expires 2027-09-12
Set parameter Username
Set parameter LicenseID to value 2863623
Academic license - for non-commercial use only - expires 2027-09-12
Set parameter Username
Set parameter LicenseID to value 2863623
Academic license - for non-commercial use only - expires 2027-09-12
Set parameter Username
Set parameter LicenseID to value 2863623
Academic license - for non-commercial use only - expires 2027-09-12
Set parameter Username
Set parameter LicenseID to value 2863623
Academic license - for non-commercial use only - expires 2027-09-12
Set parameter Username
Set parameter LicenseID to value 2863623
Academic license - for non-commercial use only - expires 2027-09-12
Set parameter Username
Set parameter LicenseID to value 2863623
Academic license - for non-commercial use only - expires 2027-09-12
Set parameter Username
Set parameter LicenseID to value 2863623
Academic license - for non-commercial use only - expires 2027-09-12
Set parameter Username
Set parameter LicenseID to value 2863623
Academic license - for non-commercial use only - expires 2027-09-12
Set parameter Username
Set parameter LicenseID to value 2863623
Academic license - for non-commercial use only - expires 2027-09-12
Set parameter Username
Set parameter LicenseID to value 2863623
Academic license - for non-commercial use only - expires 2027-09-12
Set parameter Username
Set parameter LicenseID to value 2863623
Academic license - for non-commercial use only - expires 2027-09-12
Set parameter Username
Set parameter LicenseID to value 2863623
Academic license - for non-commercial use only - expires 2027-09-12
Set parameter Username
Set parameter LicenseID to value 2863623
Academic license - for non-commercial use only - expires 2027-09-12
Set parameter Username
Set parameter LicenseID to value 2863623
Academic license - for non-commercial use only - expires 2027-09-12
Set parameter Username
Set parameter LicenseID to value 2863623
Academic license - for non-commercial use only - expires 2027-09-12
Set parameter Username
Set parameter LicenseID to value 2863623
Academic license - for non-commercial use only - expires 2027-09-12
Set parameter Username
Set parameter LicenseID to value 2863623
Academic license - for non-commercial use only - expires 2027-09-12
Set parameter Username
Set parameter LicenseID to value 2863623
Academic license - for non-commercial use only - expires 2027-09-12
Set parameter Username
Set parameter LicenseID to value 2863623
Academic license - for non-commercial use only - expires 2027-09-12
Set parameter Username
Set parameter LicenseID to value 2863623
Academic license - for non-commercial use only - expires 2027-09-12
Set parameter Username
Set parameter LicenseID to value 2863623
Academic license - for non-commercial use only - expires 2027-09-12
Set parameter Username
Set parameter LicenseID to value 2863623
Academic license - for non-commercial use only - expires 2027-09-12
Set parameter Username
Set parameter LicenseID to value 2863623
Academic license - for non-commercial use only - expires 2027-09-12
Set parameter Username
Set parameter LicenseID to value 2863623
Academic license - for non-commercial use only - expires 2027-09-12
Set parameter Username
Set parameter LicenseID to value 2863623
Academic license - for non-commercial use only - expires 2027-09-12
Set parameter Username
Set parameter LicenseID to value 2863623
Academic license - for non-commercial use only - expires 2027-09-12
Set parameter Username
Set parameter LicenseID to value 2863623
Academic license - for non-commercial use only - expires 2027-09-12
Set parameter Username
Set parameter LicenseID to value 2863623
Academic license - for non-commercial use only - expires 2027-09-12
Set parameter Username
Set parameter LicenseID to value 2863623
Academic license - for non-commercial use only - expires 2027-09-12
Set parameter Username
Set parameter LicenseID to value 2863623
Academic license - for non-commercial use only - expires 2027-09-12
Set parameter Username
Set parameter LicenseID to value 2863623
Academic license - for non-commercial use only - expires 2027-09-12
Set parameter Username
Set parameter LicenseID to value 2863623
Academic license - for non-commercial use only - expires 2027-09-12
Set parameter Username
Set parameter LicenseID to value 2863623
Academic license - for non-commercial use only - expires 2027-09-12
Set parameter Username
Set parameter LicenseID to value 2863623
Academic license - for non-commercial use only - expires 2027-09-12
Set parameter Username
Set parameter LicenseID to value 2863623
Academic license - for non-commercial use only - expires 2027-09-12
Set parameter Username
Set parameter LicenseID to value 2863623
Academic license - for non-commercial use only - expires 2027-09-12
Set parameter Username
Set parameter LicenseID to value 2863623
Academic license - for non-commercial use only - expires 2027-09-12
Set parameter Username
Set parameter LicenseID to value 2863623
Academic license - for non-commercial use only - expires 2027-09-12
Set parameter Username
Set parameter LicenseID to value 2863623
Academic license - for non-commercial use only - expires 2027-09-12
Set parameter Username
Set parameter LicenseID to value 2863623
Academic license - for non-commercial use only - expires 2027-09-12
Set parameter Username
Set parameter LicenseID to value 2863623
Academic license - for non-commercial use only - expires 2027-09-12
Set parameter Username
Set parameter LicenseID to value 2863623
Academic license - for non-commercial use only - expires 2027-09-12
Set parameter Username
Set parameter LicenseID to value 2863623
Academic license - for non-commercial use only - expires 2027-09-12
Set parameter Username
Set parameter LicenseID to value 2863623
Academic license - for non-commercial use only - expires 2027-09-12
Set parameter Username
Set parameter LicenseID to value 2863623
Academic license - for non-commercial use only - expires 2027-09-12
Set parameter Username
Set parameter LicenseID to value 2863623
Academic license - for non-commercial use only - expires 2027-09-12
Set parameter Username
Set parameter LicenseID to value 2863623
Academic license - for non-commercial use only - expires 2027-09-12
Set parameter Username
Set parameter LicenseID to value 2863623
Academic license - for non-commercial use only - expires 2027-09-12
Set parameter Username
Set parameter LicenseID to value 2863623
Academic license - for non-commercial use only - expires 2027-09-12
Set parameter Username
Set parameter LicenseID to value 2863623
Academic license - for non-commercial use only - expires 2027-09-12
Set parameter Username
Set parameter LicenseID to value 2863623
Academic license - for non-commercial use only - expires 2027-09-12
Set parameter Username
Set parameter LicenseID to value 2863623
Academic license - for non-commercial use only - expires 2027-09-12
Set parameter Username
Set parameter LicenseID to value 2863623
Academic license - for non-commercial use only - expires 2027-09-12
Set parameter Username
Set parameter LicenseID to value 2863623
Academic license - for non-commercial use only - expires 2027-09-12
Set parameter Username
Set parameter LicenseID to value 2863623
Academic license - for non-commercial use only - expires 2027-09-12
Set parameter Username
Set parameter LicenseID to value 2863623
Academic license - for non-commercial use only - expires 2027-09-12
Set parameter Username
Set parameter LicenseID to value 2863623
Academic license - for non-commercial use only - expires 2027-09-12
Set parameter Username
Set parameter LicenseID to value 2863623
Academic license - for non-commercial use only - expires 2027-09-12
Set parameter Username
Set parameter LicenseID to value 2863623
Academic license - for non-commercial use only - expires 2027-09-12
Set parameter Username
Set parameter LicenseID to value 2863623
Academic license - for non-commercial use only - expires 2027-09-12
Set parameter Username
Set parameter LicenseID to value 2863623
Academic license - for non-commercial use only - expires 2027-09-12
Set parameter Username
Set parameter LicenseID to value 2863623
Academic license - for non-commercial use only - expires 2027-09-12
Set parameter Username
Set parameter LicenseID to value 2863623
Academic license - for non-commercial use only - expires 2027-09-12
Set parameter Username
Set parameter LicenseID to value 2863623
Academic license - for non-commercial use only - expires 2027-09-12
Set parameter Username
Set parameter LicenseID to value 2863623
Academic license - for non-commercial use only - expires 2027-09-12
Set parameter Username
Set parameter LicenseID to value 2863623
Academic license - for non-commercial use only - expires 2027-09-12
Set parameter Username
Set parameter LicenseID to value 2863623
Academic license - for non-commercial use only - expires 2027-09-12
Set parameter Username
Set parameter LicenseID to value 2863623
Academic license - for non-commercial use only - expires 2027-09-12
Set parameter Username
Set parameter LicenseID to value 2863623
Academic license - for non-commercial use only - expires 2027-09-12
Set parameter Username
Set parameter LicenseID to value 2863623
Academic license - for non-commercial use only - expires 2027-09-12
Set parameter Username
Set parameter LicenseID to value 2863623
Academic license - for non-commercial use only - expires 2027-09-12
Set parameter Username
Set parameter LicenseID to value 2863623
Academic license - for non-commercial use only - expires 2027-09-12
Set parameter Username
Set parameter LicenseID to value 2863623
Academic license - for non-commercial use only - expires 2027-09-12
Set parameter Username
Set parameter LicenseID to value 2863623
Academic license - for non-commercial use only - expires 2027-09-12
Set parameter Username
Set parameter LicenseID to value 2863623
Academic license - for non-commercial use only - expires 2027-09-12
Set parameter Username
Set parameter LicenseID to value 2863623
Academic license - for non-commercial use only - expires 2027-09-12
Set parameter Username
Set parameter LicenseID to value 2863623
Academic license - for non-commercial use only - expires 2027-09-12
Set parameter Username
Set parameter LicenseID to value 2863623
Academic license - for non-commercial use only - expires 2027-09-12
Set parameter Username
Set parameter LicenseID to value 2863623
Academic license - for non-commercial use only - expires 2027-09-12
Set parameter Username
Set parameter LicenseID to value 2863623
Academic license - for non-commercial use only - expires 2027-09-12
Set parameter Username
Set parameter LicenseID to value 2863623
Academic license - for non-commercial use only - expires 2027-09-12
Set parameter Username
Set parameter LicenseID to value 2863623
Academic license - for non-commercial use only - expires 2027-09-12
Set parameter Username
Set parameter LicenseID to value 2863623
Academic license - for non-commercial use only - expires 2027-09-12
Set parameter Username
Set parameter LicenseID to value 2863623
Academic license - for non-commercial use only - expires 2027-09-12
Set parameter Username
Set parameter LicenseID to value 2863623
Academic license - for non-commercial use only - expires 2027-09-12
Set parameter Username
Set parameter LicenseID to value 2863623
Academic license - for non-commercial use only - expires 2027-09-12
Set parameter Username
Set parameter LicenseID to value 2863623
Academic license - for non-commercial use only - expires 2027-09-12
Set parameter Username
Set parameter LicenseID to value 2863623
Academic license - for non-commercial use only - expires 2027-09-12
Set parameter Username
Set parameter LicenseID to value 2863623
Academic license - for non-commercial use only - expires 2027-09-12
Set parameter Username
Set parameter LicenseID to value 2863623
Academic license - for non-commercial use only - expires 2027-09-12
Set parameter Username
Set parameter LicenseID to value 2863623
Academic license - for non-commercial use only - expires 2027-09-12
Set parameter Username
Set parameter LicenseID to value 2863623
Academic license - for non-commercial use only - expires 2027-09-12
Set parameter Username
Set parameter LicenseID to value 2863623
Academic license - for non-commercial use only - expires 2027-09-12
Set parameter Username
Set parameter LicenseID to value 2863623
Academic license - for non-commercial use only - expires 2027-09-12
Set parameter Username
Set parameter LicenseID to value 2863623
Academic license - for non-commercial use only - expires 2027-09-12
Set parameter Username
Set parameter LicenseID to value 2863623
Academic license - for non-commercial use only - expires 2027-09-12
Set parameter Username
Set parameter LicenseID to value 2863623
Academic license - for non-commercial use only - expires 2027-09-12
Set parameter Username
Set parameter LicenseID to value 2863623
Academic license - for non-commercial use only - expires 2027-09-12
Set parameter Username
Set parameter LicenseID to value 2863623
Academic license - for non-commercial use only - expires 2027-09-12
Set parameter Username
Set parameter LicenseID to value 2863623
Academic license - for non-commercial use only - expires 2027-09-12
Set parameter Username
Set parameter LicenseID to value 2863623
Academic license - for non-commercial use only - expires 2027-09-12
Set parameter Username
Set parameter LicenseID to value 2863623
Academic license - for non-commercial use only - expires 2027-09-12
Set parameter Username
Set parameter LicenseID to value 2863623
Academic license - for non-commercial use only - expires 2027-09-12
Set parameter Username
Set parameter LicenseID to value 2863623
Academic license - for non-commercial use only - expires 2027-09-12
Set parameter Username
Set parameter LicenseID to value 2863623
Academic license - for non-commercial use only - expires 2027-09-12
Set parameter Username
Set parameter LicenseID to value 2863623
Academic license - for non-commercial use only - expires 2027-09-12
Set parameter Username
Set parameter LicenseID to value 2863623
Academic license - for non-commercial use only - expires 2027-09-12
Set parameter Username
Set parameter LicenseID to value 2863623
Academic license - for non-commercial use only - expires 2027-09-12
Set parameter Username
Set parameter LicenseID to value 2863623
Academic license - for non-commercial use only - expires 2027-09-12
Set parameter Username
Set parameter LicenseID to value 2863623
Academic license - for non-commercial use only - expires 2027-09-12
Set parameter Username
Set parameter LicenseID to value 2863623
Academic license - for non-commercial use only - expires 2027-09-12
Set parameter Username
Set parameter LicenseID to value 2863623
Academic license - for non-commercial use only - expires 2027-09-12
Set parameter Username
Set parameter LicenseID to value 2863623
Academic license - for non-commercial use only - expires 2027-09-12
Set parameter Username
Set parameter LicenseID to value 2863623
Academic license - for non-commercial use only - expires 2027-09-12
Set parameter Username
Set parameter LicenseID to value 2863623
Academic license - for non-commercial use only - expires 2027-09-12
Set parameter Username
Set parameter LicenseID to value 2863623
Academic license - for non-commercial use only - expires 2027-09-12
Set parameter Username
Set parameter LicenseID to value 2863623
Academic license - for non-commercial use only - expires 2027-09-12
Set parameter Username
Set parameter LicenseID to value 2863623
Academic license - for non-commercial use only - expires 2027-09-12
Set parameter Username
Set parameter LicenseID to value 2863623
Academic license - for non-commercial use only - expires 2027-09-12
Set parameter Username
Set parameter LicenseID to value 2863623
Academic license - for non-commercial use only - expires 2027-09-12
Set parameter Username
Set parameter LicenseID to value 2863623
Academic license - for non-commercial use only - expires 2027-09-12
Set parameter Username
Set parameter LicenseID to value 2863623
Academic license - for non-commercial use only - expires 2027-09-12
Set parameter Username
Set parameter LicenseID to value 2863623
Academic license - for non-commercial use only - expires 2027-09-12
Set parameter Username
Set parameter LicenseID to value 2863623
Academic license - for non-commercial use only - expires 2027-09-12
Set parameter Username
Set parameter LicenseID to value 2863623
Academic license - for non-commercial use only - expires 2027-09-12
Set parameter Username
Set parameter LicenseID to value 2863623
Academic license - for non-commercial use only - expires 2027-09-12
Set parameter Username
Set parameter LicenseID to value 2863623
Academic license - for non-commercial use only - expires 2027-09-12
Set parameter Username
Set parameter LicenseID to value 2863623
Academic license - for non-commercial use only - expires 2027-09-12
Set parameter Username
Set parameter LicenseID to value 2863623
Academic license - for non-commercial use only - expires 2027-09-12
Set parameter Username
Set parameter LicenseID to value 2863623
Academic license - for non-commercial use only - expires 2027-09-12
Set parameter Username
Set parameter LicenseID to value 2863623
Academic license - for non-commercial use only - expires 2027-09-12
Set parameter Username
Set parameter LicenseID to value 2863623
Academic license - for non-commercial use only - expires 2027-09-12
Set parameter Username
Set parameter LicenseID to value 2863623
Academic license - for non-commercial use only - expires 2027-09-12
Set parameter Username
Set parameter LicenseID to value 2863623
Academic license - for non-commercial use only - expires 2027-09-12
Set parameter Username
Set parameter LicenseID to value 2863623
Academic license - for non-commercial use only - expires 2027-09-12
Set parameter Username
Set parameter LicenseID to value 2863623
Academic license - for non-commercial use only - expires 2027-09-12
Set parameter Username
Set parameter LicenseID to value 2863623
Academic license - for non-commercial use only - expires 2027-09-12
Set parameter Username
Set parameter LicenseID to value 2863623
Academic license - for non-commercial use only - expires 2027-09-12
Set parameter Username
Set parameter LicenseID to value 2863623
Academic license - for non-commercial use only - expires 2027-09-12
Set parameter Username
Set parameter LicenseID to value 2863623
Academic license - for non-commercial use only - expires 2027-09-12
Set parameter Username
Set parameter LicenseID to value 2863623
Academic license - for non-commercial use only - expires 2027-09-12
Set parameter Username
Set parameter LicenseID to value 2863623
Academic license - for non-commercial use only - expires 2027-09-12
Set parameter Username
Set parameter LicenseID to value 2863623
Academic license - for non-commercial use only - expires 2027-09-12
Set parameter Username
Set parameter LicenseID to value 2863623
Academic license - for non-commercial use only - expires 2027-09-12
Set parameter Username
Set parameter LicenseID to value 2863623
Academic license - for non-commercial use only - expires 2027-09-12
Set parameter Username
Set parameter LicenseID to value 2863623
Academic license - for non-commercial use only - expires 2027-09-12
Set parameter Username
Set parameter LicenseID to value 2863623
Academic license - for non-commercial use only - expires 2027-09-12
Set parameter Username
Set parameter LicenseID to value 2863623
Academic license - for non-commercial use only - expires 2027-09-12
Set parameter Username
Set parameter LicenseID to value 2863623
Academic license - for non-commercial use only - expires 2027-09-12
Set parameter Username
Set parameter LicenseID to value 2863623
Academic license - for non-commercial use only - expires 2027-09-12
Set parameter Username
Set parameter LicenseID to value 2863623
Academic license - for non-commercial use only - expires 2027-09-12
Set parameter Username
Set parameter LicenseID to value 2863623
Academic license - for non-commercial use only - expires 2027-09-12
Set parameter Username
Set parameter LicenseID to value 2863623
Academic license - for non-commercial use only - expires 2027-09-12
Set parameter Username
Set parameter LicenseID to value 2863623
Academic license - for non-commercial use only - expires 2027-09-12
Set parameter Username
Set parameter LicenseID to value 2863623
Academic license - for non-commercial use only - expires 2027-09-12
Set parameter Username
Set parameter LicenseID to value 2863623
Academic license - for non-commercial use only - expires 2027-09-12
Set parameter Username
Set parameter LicenseID to value 2863623
Academic license - for non-commercial use only - expires 2027-09-12
Set parameter Username
Set parameter LicenseID to value 2863623
Academic license - for non-commercial use only - expires 2027-09-12
Set parameter Username
Set parameter LicenseID to value 2863623
Academic license - for non-commercial use only - expires 2027-09-12
Set parameter Username
Set parameter LicenseID to value 2863623
Academic license - for non-commercial use only - expires 2027-09-12
Set parameter Username
Set parameter LicenseID to value 2863623
Academic license - for non-commercial use only - expires 2027-09-12
Set parameter Username
Set parameter LicenseID to value 2863623
Academic license - for non-commercial use only - expires 2027-09-12
Set parameter Username
Set parameter LicenseID to value 2863623
Academic license - for non-commercial use only - expires 2027-09-12
Set parameter Username
Set parameter LicenseID to value 2863623
Academic license - for non-commercial use only - expires 2027-09-12
Set parameter Username
Set parameter LicenseID to value 2863623
Academic license - for non-commercial use only - expires 2027-09-12
Set parameter Username
Set parameter LicenseID to value 2863623
Academic license - for non-commercial use only - expires 2027-09-12
Set parameter Username
Set parameter LicenseID to value 2863623
Academic license - for non-commercial use only - expires 2027-09-12
Set parameter Username
Set parameter LicenseID to value 2863623
Academic license - for non-commercial use only - expires 2027-09-12
Set parameter Username
Set parameter LicenseID to value 2863623
Academic license - for non-commercial use only - expires 2027-09-12
Set parameter Username
Set parameter LicenseID to value 2863623
Academic license - for non-commercial use only - expires 2027-09-12
Set parameter Username
Set parameter LicenseID to value 2863623
Academic license - for non-commercial use only - expires 2027-09-12
Set parameter Username
Set parameter LicenseID to value 2863623
Academic license - for non-commercial use only - expires 2027-09-12
Set parameter Username
Set parameter LicenseID to value 2863623
Academic license - for non-commercial use only - expires 2027-09-12
Set parameter Username
Set parameter LicenseID to value 2863623
Academic license - for non-commercial use only - expires 2027-09-12
Set parameter Username
Set parameter LicenseID to value 2863623
Academic license - for non-commercial use only - expires 2027-09-12
Set parameter Username
Set parameter LicenseID to value 2863623
Academic license - for non-commercial use only - expires 2027-09-12
Set parameter Username
Set parameter LicenseID to value 2863623
Academic license - for non-commercial use only - expires 2027-09-12
Set parameter Username
Set parameter LicenseID to value 2863623
Academic license - for non-commercial use only - expires 2027-09-12
Set parameter Username
Set parameter LicenseID to value 2863623
Academic license - for non-commercial use only - expires 2027-09-12
Set parameter Username
Set parameter LicenseID to value 2863623
Academic license - for non-commercial use only - expires 2027-09-12
Set parameter Username
Set parameter LicenseID to value 2863623
Academic license - for non-commercial use only - expires 2027-09-12
Set parameter Username
Set parameter LicenseID to value 2863623
Academic license - for non-commercial use only - expires 2027-09-12
Set parameter Username
Set parameter LicenseID to value 2863623
Academic license - for non-commercial use only - expires 2027-09-12
Set parameter Username
Set parameter LicenseID to value 2863623
Academic license - for non-commercial use only - expires 2027-09-12
Set parameter Username
Set parameter LicenseID to value 2863623
Academic license - for non-commercial use only - expires 2027-09-12
Set parameter Username
Set parameter LicenseID to value 2863623
Academic license - for non-commercial use only - expires 2027-09-12
Set parameter Username
Set parameter LicenseID to value 2863623
Academic license - for non-commercial use only - expires 2027-09-12
Set parameter Username
Set parameter LicenseID to value 2863623
Academic license - for non-commercial use only - expires 2027-09-12
Set parameter Username
Set parameter LicenseID to value 2863623
Academic license - for non-commercial use only - expires 2027-09-12
Set parameter Username
Set parameter LicenseID to value 2863623
Academic license - for non-commercial use only - expires 2027-09-12
Set parameter Username
Set parameter LicenseID to value 2863623
Academic license - for non-commercial use only - expires 2027-09-12
Set parameter Username
Set parameter LicenseID to value 2863623
Academic license - for non-commercial use only - expires 2027-09-12
Set parameter Username
Set parameter LicenseID to value 2863623
Academic license - for non-commercial use only - expires 2027-09-12
Set parameter Username
Set parameter LicenseID to value 2863623
Academic license - for non-commercial use only - expires 2027-09-12
Set parameter Username
Set parameter LicenseID to value 2863623
Academic license - for non-commercial use only - expires 2027-09-12
Set parameter Username
Set parameter LicenseID to value 2863623
Academic license - for non-commercial use only - expires 2027-09-12
Set parameter Username
Set parameter LicenseID to value 2863623
Academic license - for non-commercial use only - expires 2027-09-12
Set parameter Username
Set parameter LicenseID to value 2863623
Academic license - for non-commercial use only - expires 2027-09-12
Set parameter Username
Set parameter LicenseID to value 2863623
Academic license - for non-commercial use only - expires 2027-09-12
Set parameter Username
Set parameter LicenseID to value 2863623
Academic license - for non-commercial use only - expires 2027-09-12
Set parameter Username
Set parameter LicenseID to value 2863623
Academic license - for non-commercial use only - expires 2027-09-12
Set parameter Username
Set parameter LicenseID to value 2863623
Academic license - for non-commercial use only - expires 2027-09-12
Set parameter Username
Set parameter LicenseID to value 2863623
Academic license - for non-commercial use only - expires 2027-09-12
Set parameter Username
Set parameter LicenseID to value 2863623
Academic license - for non-commercial use only - expires 2027-09-12
Set parameter Username
Set parameter LicenseID to value 2863623
Academic license - for non-commercial use only - expires 2027-09-12
Set parameter Username
Set parameter LicenseID to value 2863623
Academic license - for non-commercial use only - expires 2027-09-12
Set parameter Username
Set parameter LicenseID to value 2863623
Academic license - for non-commercial use only - expires 2027-09-12
Set parameter Username
Set parameter LicenseID to value 2863623
Academic license - for non-commercial use only - expires 2027-09-12
Set parameter Username
Set parameter LicenseID to value 2863623
Academic license - for non-commercial use only - expires 2027-09-12
Set parameter Username
Set parameter LicenseID to value 2863623
Academic license - for non-commercial use only - expires 2027-09-12
Set parameter Username
Set parameter LicenseID to value 2863623
Academic license - for non-commercial use only - expires 2027-09-12
Set parameter Username
Set parameter LicenseID to value 2863623
Academic license - for non-commercial use only - expires 2027-09-12
Set parameter Username
Set parameter LicenseID to value 2863623
Academic license - for non-commercial use only - expires 2027-09-12
Set parameter Username
Set parameter LicenseID to value 2863623
Academic license - for non-commercial use only - expires 2027-09-12
Set parameter Username
Set parameter LicenseID to value 2863623
Academic license - for non-commercial use only - expires 2027-09-12
Set parameter Username
Set parameter LicenseID to value 2863623
Academic license - for non-commercial use only - expires 2027-09-12
Set parameter Username
Set parameter LicenseID to value 2863623
Academic license - for non-commercial use only - expires 2027-09-12
Set parameter Username
Set parameter LicenseID to value 2863623
Academic license - for non-commercial use only - expires 2027-09-12
Set parameter Username
Set parameter LicenseID to value 2863623
Academic license - for non-commercial use only - expires 2027-09-12
Set parameter TimeLimit to value 300
Set parameter NonConvex to value 2
Set parameter MIPGap to value 0.0001
Set parameter LogFile to value "results\yspace_gurobi_118_ieee.log"
Set parameter NonConvex to value 2
Set parameter MIPGap to value 0.0001
Set parameter TimeLimit to value 300
Set parameter LogFile to value "results\yspace_gurobi_118_ieee.log"
Warning for adding constraints: zero or small (< 1e-13) coefficients, ignored
Gurobi Optimizer version 13.0.3 build v13.0.3rc0 (win64 - Windows 11+.0 (26200.2))

CPU model: Intel(R) Core(TM) Ultra 5 225H, instruction set [SSE2|AVX|AVX2]
Thread count: 14 physical cores, 14 logical processors, using up to 14 threads

Non-default parameters:
TimeLimit  300
NonConvex  2

Optimize a model with 118 rows, 509 columns and 39115 nonzeros (Max)
Model fingerprint: 0x7103cd5a
Model has 0 linear objective coefficients
Model has 99 quadratic objective terms
Coefficient statistics:
  Matrix range     [2e-06, 7e+01]
  Objective range  [0e+00, 0e+00]
  QObjective range [2e+00, 2e+00]
  Bounds range     [1e-02, 1e+01]
  RHS range        [1e+00, 1e+00]

Presolve removed 0 rows and 4 columns

Continuous model is non-convex -- solving as a MIP


Presolve added 23 rows and 19 columns
Presolve time: 0.14s
Presolved: 241 rows, 629 columns, 24501 nonzeros
Presolved model has 99 bilinear constraint(s)
Variable types: 629 continuous, 0 integer (0 binary)
Found heuristic solution: objective 1.7247361

Root relaxation: objective 1.427510e+01, 290 iterations, 0.02 seconds (0.01 work units)

    Nodes    |    Current Node    |     Objective Bounds      |     Work
 Expl Unexpl |  Obj  Depth IntInf | Incumbent    BestBd   Gap | It/Node Time

     0     0   14.27510    0   99    1.72474   14.27510   728%     -    0s
     0     0   12.96143    0   91    1.72474   12.96143   652%     -    0s
H    0     0                       2.2276676   12.96143   482%     -    0s
     0     0   12.64671    0   89    2.22767   12.64671   468%     -    0s
     0     0   12.59296    0   89    2.22767   12.59296   465%     -    0s
     0     0   12.56608    0   89    2.22767   12.56608   464%     -    0s
     0     0   12.56594    0   94    2.22767   12.56594   464%     -    0s
     0     0   12.56594    0   94    2.22767   12.56594   464%     -    0s
     0     2   12.56594    0   94    2.22767   12.56594   464%     -    0s
* 2414  2490              85       2.2276681   11.75088   427%   0.9    1s
* 3830  3761              84       2.2276683   11.74791   427%   0.9    2s
* 3970  3866              84       2.2276683   11.74791   427%   0.9    2s
* 4102  3957              84       2.2276683   11.74791   427%   0.9    2s
* 4140  3957              84       2.2276685   11.74791   427%   0.9    2s
H 4659  4318                       2.2386250   11.66613   421%   1.0    3s
H 4669  4096                       2.2386250   11.66613   421%   1.0    4s
H 4669  3891                       2.2394863   11.66613   421%   1.0    4s
  5235  4387    6.73056   36   85    2.23949   11.26792   403%   1.1    5s
 31788 24882    2.43715   81   85    2.23949   10.37772   363%   1.2   10s
 44507 36196    7.37999   39   62    2.23949   10.17966   355%   1.3   15s
 66021 52950    2.43630   81   90    2.23949   10.16749   354%   1.3   20s
 89082 70818    5.30873   56   44    2.23949    9.96943   345%   1.4   25s
 110750 89971 infeasible   67         2.23949    9.96943   345%   1.3   30s
H123902 97219                       2.3667952    9.96943   321%   1.3   33s
 133609 107948    8.54089   31   70    2.36680    9.96607   321%   1.3   35s
 165306 137800    3.98370   69   33    2.36680    9.96607   321%   1.1   40s
H171842 144479                       2.3667952    9.96607   321%   1.1   41s
H172456 144479                       2.3667953    9.96607   321%   1.1   41s
H172516 144479                       2.3667953    9.96607   321%   1.1   41s
 182574 154156 infeasible   90         2.36680    9.96607   321%   1.1   45s
 204308 170243    3.34991   69   35    2.36680    9.79410   314%   1.2   50s
 225486 186786    2.51744   80   88    2.36680    9.76801   313%   1.2   55s
 244087 202895    2.48394   80   27    2.36680    9.76801   313%   1.2   60s
 262541 217364    4.34617   59   45    2.36680    9.76801   313%   1.3   65s
 280622 233003 infeasible   90         2.36680    9.76801   313%   1.3   70s
 296612 244642    4.36453   51   56    2.36680    9.64151   307%   1.3   75s
 313916 258481    4.12084   65   82    2.36680    9.61101   306%   1.3   80s
 328888 269726    2.59387   87   13    2.36680    9.59741   306%   1.4   85s
 344650 282741    7.80445   32   72    2.36680    9.59604   305%   1.4   90s
 362309 296604    3.26021   70   34    2.36680    9.59604   305%   1.4   95s
 379023 310479    5.85651   46   58    2.36680    9.58974   305%   1.4  100s
 394215 323988    7.67495   37   65    2.36680    9.58974   305%   1.4  105s
 412227 337919    3.26021   70   34    2.36680    9.58974   305%   1.4  110s
 426863 350671    2.90789   82   18    2.36680    9.58974   305%   1.4  115s
 438421 359825    2.65605   87   14    2.36680    9.58974   305%   1.4  120s
 450034 370374 infeasible   82         2.36680    9.58974   305%   1.4  125s
 461271 377677 infeasible   82         2.36680    9.58974   305%   1.4  130s
 474415 388872    2.43223   81   63    2.36680    9.58974   305%   1.4  135s
 476988 402007    2.43612   81   87    2.36680    9.58974   305%   1.4  141s
 499659 410961    2.99524   81   19    2.36680    9.58974   305%   1.4  145s
 511648 421750 infeasible   91         2.36680    9.58974   305%   1.4  150s
 524477 431377    2.51012   80   91    2.36680    9.57534   305%   1.4  155s
 535794 439805 infeasible   89         2.36680    9.54308   303%   1.4  160s
 546725 448536    2.93997   64   46    2.36680    9.52617   302%   1.4  165s
 556546 454773    4.23703   55   79    2.36680    9.46528   300%   1.4  170s
 568824 461411    2.58412   79   86    2.36680    9.42428   298%   1.5  175s
 578915 471259    3.54294   74   26    2.36680    9.42428   298%   1.5  180s
 591892 482425    6.36503   42   62    2.36680    9.42279   298%   1.5  185s
 602624 490652 infeasible   73         2.36680    9.41914   298%   1.5  190s
 614267 500731 infeasible   90         2.36680    9.41914   298%   1.5  195s
 628155 512322    4.35770   65   35    2.36680    9.41914   298%   1.5  200s
 637679 519786    2.99524   82   19    2.36680    9.41914   298%   1.5  205s
 649086 529375    2.76024   77   89    2.36680    9.41914   298%   1.5  210s
 661340 538791 infeasible   90         2.36680    9.41914   298%   1.5  215s
 675420 551228 infeasible   82         2.36680    9.41914   298%   1.5  220s
 686585 559636    7.80764   36   65    2.36680    9.41914   298%   1.5  225s
 705846 578653    5.08777   58   42    2.36680    9.41914   298%   1.5  230s
 720127 593335    3.54294   74   26    2.36680    9.41914   298%   1.4  235s
 729630 602363    2.71606   85   15    2.36680    9.41914   298%   1.4  240s
 736725 606988    9.08738   27   75    2.36680    9.41914   298%   1.4  245s
 748405 617397    2.71606   86   15    2.36680    9.41798   298%   1.4  250s
 759142 626567    3.54294   74   26    2.36680    9.41798   298%   1.4  255s
 770156 636865    9.24601   27   76    2.36680    9.41798   298%   1.4  260s
 786904 651392    2.46941   73   36    2.36680    9.41798   298%   1.4  265s
 797928 661575    3.21832   78   22    2.36680    9.41798   298%   1.4  270s
 807223 670054 infeasible   67         2.36680    9.41798   298%   1.4  275s
 815988 676409    2.59856   79   29    2.36680    9.41798   298%   1.4  280s
 827189 685782    6.36503   42   62    2.36680    9.41798   298%   1.4  285s
 836018 692516    2.51497   80   56    2.36680    9.41798   298%   1.4  290s
 848720 702969    2.51803   80   29    2.36680    9.41798   298%   1.4  295s
 854747 712973    2.59546   80   30    2.36680    9.41798   298%   1.4  300s

Cutting planes:
  RLT: 50

Explored 861750 nodes (1199482 simplex iterations) in 300.10 seconds (119.98 work units)
Thread count was 14 (of 14 available processors)

Solution count 6: 2.3668 2.3668 2.23949 ... 1.72474

Time limit reached
Best objective 2.366795297894e+00, best bound 9.417980410644e+00, gap 297.9212%

User-callback calls 4200, time in user-callback 0.03 sec
Set parameter Username
Set parameter LicenseID to value 2863623
Academic license - for non-commercial use only - expires 2027-09-12
Set parameter TimeLimit to value 300
Set parameter NonConvex to value 2
Set parameter MIPGap to value 0.0001
Set parameter LogFile to value "results\yspace_oldcompare_gurobi_118_ieee.log"
Set parameter NonConvex to value 2
Set parameter MIPGap to value 0.0001
Set parameter TimeLimit to value 300
Set parameter LogFile to value "results\yspace_oldcompare_gurobi_118_ieee.log"
Warning for adding constraints: zero or small (< 1e-13) coefficients, ignored
Gurobi Optimizer version 13.0.3 build v13.0.3rc0 (win64 - Windows 11+.0 (26200.2))

CPU model: Intel(R) Core(TM) Ultra 5 225H, instruction set [SSE2|AVX|AVX2]
Thread count: 14 physical cores, 14 logical processors, using up to 14 threads

Non-default parameters:
TimeLimit  300
NonConvex  2

Optimize a model with 19 rows, 410 columns and 6430 nonzeros (Max)
Model fingerprint: 0x15e91001
Model has 0 linear objective coefficients
Model has 66913 quadratic objective terms
Coefficient statistics:
  Matrix range     [2e-06, 7e+01]
  Objective range  [0e+00, 0e+00]
  QObjective range [3e-06, 4e+02]
  Bounds range     [1e-02, 1e+01]
  RHS range        [1e+00, 1e+00]


Continuous model is non-convex -- solving as a MIP


Presolve added 3 rows and 3 columns
Presolve time: 0.11s
Presolved: 133483 rows, 67328 columns, 339981 nonzeros
Presolved model has 66913 bilinear constraint(s)
Variable types: 67328 continuous, 0 integer (0 binary)
Found heuristic solution: objective 1.7247362

Deterministic concurrent LP optimizer: primal and dual simplex (primal and dual model)
Showing primal log only...

Root relaxation presolved: 99752 rows, 66961 columns, 305884 nonzeros


Root simplex log...

Iteration    Objective       Primal Inf.    Dual Inf.      Time
   17598    7.3082635e+00   0.000000e+00   5.085456e+04      5s
Concurrent spin time: 0.02s

Solved with dual simplex

Root relaxation: objective 1.002131e+01, 43600 iterations, 6.80 seconds (3.84 work units)

    Nodes    |    Current Node    |     Objective Bounds      |     Work
 Expl Unexpl |  Obj  Depth IntInf | Incumbent    BestBd   Gap | It/Node Time

     0     0   10.02131    0 1378    1.72474   10.02131   481%     -    7s
     0     0    9.31904    0 1266    1.72474    9.31904   440%     -   26s
     0     0    9.13348    0 1328    1.72474    9.13348   430%     -   38s
     0     0    8.83700    0 1543    1.72474    8.83700   412%     -   42s
     0     0    8.82535    0 1575    1.72474    8.82535   412%     -   61s
     0     0    8.64855    0 1136    1.72474    8.64855   401%     -   66s
     0     0    8.26809    0 1478    1.72474    8.26809   379%     -   80s
     0     0    8.26809    0 1460    1.72474    8.26809   379%     -   83s
     0     0    7.89257    0 1806    1.72474    7.89257   358%     -  101s
     0     0    7.53225    0 1593    1.72474    7.53225   337%     -  126s
     0     0    7.53225    0 2106    1.72474    7.53225   337%     -  130s
     0     0    7.37983    0 1829    1.72474    7.37983   328%     -  170s
     0     0    7.37983    0 1127    1.72474    7.37983   328%     -  174s
     0     0    7.25224    0 1127    1.72474    7.25224   320%     -  183s
     0     0    7.22685    0 3288    1.72474    7.22685   319%     -  186s
     0     0    7.10919    0 1442    1.72474    7.10919   312%     -  197s
     0     0    7.10919    0 1432    1.72474    7.10919   312%     -  199s
     0     0    7.05847    0 3711    1.72474    7.05847   309%     -  215s
H    0     0                       2.0817271    7.05847   239%     -  226s
H    0     0                       2.0817272    7.05847   239%     -  228s
H    0     0                       2.2276682    7.05847   217%     -  235s
     0     0    6.50683    0 4072    2.22767    6.50683   192%     -  281s
     0     0    6.50683    0 4062    2.22767    6.50683   192%     -  282s
     0     0    6.45409    0 4265    2.22767    6.45409   190%     -  284s
     0     0    6.45409    0 1441    2.22767    6.45409   190%     -  285s
     0     0    6.45409    0 1405    2.22767    6.45409   190%     -  286s
     0     0          -    0         2.22767    6.45409   190%     -  300s

Cutting planes:
  RLT: 410
  BQP: 258

Explored 1 nodes (56021 simplex iterations) in 300.10 seconds (209.22 work units)
Thread count was 14 (of 14 available processors)

Solution count 4: 2.22767 2.22767 2.08173 1.72474 

Time limit reached
Best objective 2.227667956516e+00, best bound 6.454092327660e+00, gap 189.7242%

User-callback calls 18586, time in user-callback 0.08 sec
  Activating project at `C:\Documents\VS Code\DCAttack`
  0.003920 seconds (5.21 k allocations: 510.681 KiB)
93100.72992629744
110
mu-bound preprocessing time = 5.0928 s (410 LPs)
y-bound preprocessing time  = 0.3889 s (198 LPs)

--- y-space LP bounds L[k] <= (B'mu)[k] <= U[k] ---
k      L[k]             U[k]             U[k]-L[k]       
1      -0.16052412      0.41864114       0.57916526      
2      -0.3009394       0.45587544       0.75681484      
3      -0.31853515      0.53988444       0.85841959      
4      -0.088824841     0.076028235      0.16485308      
5      -0.16647373      0.16413371       0.33060744      
6      -0.28011204      0.36630037       0.64641241      
7      -0.38941169      0.5962623        0.98567398      
8      -0.11223946      0.1854956        0.29773507      
9      -0.071086538     0.22205964       0.29314618      
10     -0.085532847     0.091673223      0.17720607      
11     -0.062492409     0.096425354      0.15891776      
12     -0.16493936      0.22940228       0.39434164      
13     -0.3058104       0.42924249       0.73505288      
14     -0.31847134      0.34482759       0.66329892      
15     -0.34906448      0.67652806       1.0255925       
16     -0.33049476      0.53940732       0.86990207      
17     -0.26381922      0.97346439       1.2372836       
18     -0.36739306      0.40731735       0.7747104       
19     -0.19767416      0.53079201       0.72846617      
20     -0.31086116      0.67210199       0.98296314      
21     -0.26902087      0.54013482       0.80915568      
22     -0.29654539      0.46761028       0.76415567      
23     -0.49261084      1.4925373        1.9851482       
24     -0.13970463      0.37709447       0.5167991       
25     -0.34549256      0.49379759       0.83929015      
26     -0.29239766      0.3875969        0.67999456      
27     -0.39879215      0.50506436       0.90385651      
28     -0.18775172      0.422163         0.60991473      
29     -0.51546392      0.54945055       1.0649145       
30     -0.22206867      0.33130828       0.55337694      
31     -0.28089888      0.38488113       0.66578001      
32     -0.42751303      0.39840637       0.8259194       
33     -0.29870724      0.63227729       0.93098453      
34     -0.2697536       0.52303756       0.79279116      
35     -0.30395137      0.56509909       0.86905046      
36     -0.28826448      0.41557482       0.7038393       
37     -0.10664037      0.2653027        0.37194306      
38     -0.2568449       0.48680986       0.74365476      
39     -0.40139576      0.52498788       0.92638364      
40     -0.26736165      0.43418578       0.70154744      
41     -0.17647111      0.57599385       0.75246495      
42     -0.38305667      0.56283267       0.94588934      
43     -0.42937948      0.48961461       0.91899409      
44     -0.26315789      0.35436638       0.61752427      
45     -0.33024114      0.4041672        0.73440834      
46     -0.3531797       0.3447221        0.6979018       
47     -0.30282849      0.50091967       0.80374816      
48     -0.23809524      0.41808324       0.65617847      
49     -0.21503553      0.41979577       0.6348313       
50     -0.35399629      0.44572178       0.79971807      
51     -0.17219989      0.30877297       0.48097287      
52     -0.32051282      0.42544707       0.74595989      
53     -0.13790339      0.10807654       0.24597992      
54     -0.15169495      0.63406261       0.78575756      
55     -0.25839793      0.28011204       0.53850998      
56     -0.22003284      0.37257015       0.59260299      
57     -0.33899824      0.40010513       0.73910337      
58     -0.28699374      0.33087391       0.61786765      
59     -0.27027027      0.33112583       0.6013961       
60     -0.52631579      0.66666667       1.1929825       
61     -0.56497175      0.68965517       1.2546269       
62     -0.2027512       0.19409795       0.39684914      
63     -0.084704785     0.2161267        0.30083148      
64     -0.2876605       0.38268701       0.6703475       
65     -0.31545741      0.35759022       0.67304763      
66     -0.27607616      0.28189881       0.55797497      
67     -0.29431939      0.49899488       0.79331426      
68     -0.27322404      0.43241531       0.70563935      
69     -0.36340364      0.48893894       0.85234258      
70     -0.17288251      0.26117194       0.43405446      
71     -0.13873354      0.42116321       0.55989675      
72     -0.049355455     0.05516963       0.10452509      
73     -0.28076039      0.87576432       1.1565247       
74     -0.19680036      0.44365484       0.6404552       
75     -0.35106913      0.41179341       0.76286254      
76     -0.33112583      0.71259656       1.0437224       
77     -0.31203497      0.33670034       0.64873531      
78     -0.25            0.61393935       0.86393935      
79     -0.26954178      0.4950495        0.76459128      
80     -0.24381505      0.31389048       0.55770553      
81     -0.24450586      0.36688422       0.61139008      
82     -0.43623581      0.73080819       1.167044        
83     -0.31484391      0.37541821       0.69026212      
84     -0.21960704      0.32601472       0.54562176      
85     -0.25059899      0.24908617       0.49968516      
86     -0.18322704      0.53162442       0.71485146      
87     -0.26737968      0.31992062       0.5873003       
88     -0.3367464       0.40164198       0.73838837      
89     -0.40423785      0.48674262       0.89098047      
90     -0.14767626      0.40586795       0.55354421      
91     -0.33444816      0.42455301       0.75900117      
92     -0.2020202       0.29130058       0.49332078      
93     -0.13871151      0.21415976       0.35287127      
94     -0.30088579      0.37770918       0.67859496      
95     -0.24378367      0.65262478       0.89640845      
96     -0.19533446      0.22230761       0.41764207      
97     -0.30915506      0.3232411        0.63239616      
98     -0.35858181      0.59194331       0.95052512      
99     -0.20066723      0.43483577       0.635503        

min_k L[k]        = -0.56497175
max_k U[k]        = 1.4925373
max_k (U[k]-L[k]) = 1.9851482
avg_k (U[k]-L[k]) = 0.70281992

==============================================================================
Y-SPACE RESULT: pglib_opf_case118_ieee.m
==============================================================================
termination status = TIME_LIMIT
gamma_inc          = 2.3667953
gamma_bd           = 9.4179804
relative gap       = 2.97921
node count         = 861750
solve runtime      = 300.1010 s
presolved rows/cols = 241 / 629
bilinear constraints (presolved) = 99
root relaxation obj = 14.2751
first incumbent found (approx) = 1.7247361
approx root gap = 7.276686502938044
rho = 1/gamma      = 0.42251225
sqrt(rho)          = 0.65000942

--- equivalence / feasibility verification ---
max|A'mu*|              = 7.26192e-09
|c'mu* + 1|             = 1.63892e-09
min_i mu_i*             = 0
max_k |y_k* - (B'mu*)_k| = 8.09196e-10
sum_k (y_k*)^2          = 2.3667953
(mu*)'BB'mu*            = 2.3667953
difference               = 1.78252e-09

--- old (mu-space) replica re-solve, for root-bound comparison only ---
old replica status  = TIME_LIMIT
old root relax obj  = 10.02131
old gamma_inc/gamma_bd (replica) = 2.227668 / 6.4540923

Saved: results\yspace_reduced_qp_118_ieee.txt
Appended: results\yspace_reduced_qp_summary.csv
Gurobi log (new):  results\yspace_gurobi_118_ieee.log
Gurobi log (old replica): results\yspace_oldcompare_gurobi_118_ieee.log
=== FINISHED 118_ieee ===
ALL DONE
